,tweet,cn,offensive,stance,informativeness,felicity,tweet_id
0,tweet,cn,offensive,stance,informativeness,felicity,tweet_id
1,como son españoles nada sin fueran refugiados gloria hashtag migrates hashtag refugiados hashtag españaloprimero https://t co/jkc8iys32c, agresión mantero sbcnpdv Soy partidario de ayudar a la gente sin papeles pero están aprovechando de nuestra solidaridad lo que faltaba por ver agredir a turistas y policias la nica manera que nos obligan hacer es mantero sin Papeles manero a su pas. No hay que deportar a nadie.,1,1,0,3,101
2,el pueblo exige mas atencion en cuanto al sistema alimentario y contra la especulacion de precios impuesto por los chinos turcos arabes y colombianos defendamos lo nuestro hagamos patria @user @user @user @user @user @user https://t co/26zwsii2vz," el pueblo exige más atención en cuanto a sistema alimentario y contra la especulacion de precios impuesto por los chinos turcos, arabes y colombianos, defendamos lo nuestro hagamos patria @user@user @user @user &lt;b&gt;",1,1,0,2,146
3,la inmigraciòn de africa y países árebes es una estrategia para entrar a europa y atacarla desde dentro como hace mil años hicieron los barbaros para destruir el imperio romano el islan ataca una europa lacsa en leyes y desunida marina lepen tiene razón nada d inmigrantes https://t co/nzduyei7x5, the inmigration of africa and árebes countries is a strategy to enter Europe and atacar it from within as many millennia hicieron barbaros to destroy the roman empire el islan ataca a europa lacsa in laws and desunida marina lepen tiene ninguna razón nada de inmigrante,1,1,0,1,104
4,@user @user @user con q vengan muchos ya sobra aquí hay demasiados d todos subsaharianos en las calles tirados manteros perjudicando comercios legales y vendiendo copias marroquíes donde trabaja el y viven la mujer 4 niños y 4 abuelos en ciudades y pueblos estamos llenos a su casa, vengan muchos ya sobre aqu hay demasiados de todos subsaharianos en las calles tirados manteros perjudicando comercios legales y vendiendo copias marroques donde trabaja el y viven la mujer 4 children and 4 abuelos en ciudades,1,1,0,2,40
5,obviamente @user no iba a desvelar la nacionalidad de los 3 moro mierdas que han abusado en tudela de una niña, @user no iba a desechar la nacionalidad de los 3 moro errados que han abusado en ciencia de una nia,1,1,0,2,155
6,""" mientras los manteros atacan a turistas y hay reyertas en el raval ada colau ha visitado el pueblo italiano de riace repoblado dando casas a inmigrantes y refugiados un """"ejemplo de acogida integración y lucha contra la xenofobia"""" pues que se quede allí indefinidamente """," ada colau ha visitado el pueblo italiano de riace repoblado dando casas a inmigrantes y refugiados un """"ejemplo de acogida integración y lucha contra la xenofobia""""",2,1,0,2,35
7,los subsaharianos conocedores de que nuestro sistema de pensiones está en riesgo se organizan para asaltar nuestra frontera y hacerse cargo de nuestras jubilaciones no temáis sólo vienen con el ánimo de hacer viables nuestros servicios sociales https://t co/xlb1dhgd9w, Colectivo: subsaharianos |,2,2,0,1,150
8,como son españoles nada sin fueran refugiados gloria hashtag migrates hashtag refugiados hashtag españaloprimero https://t co/jkc8iys32c, gloria hashtag migrates hashtag refugiados hashtag espaaloprimero,2,2,0,1,101
9,el pueblo exige mas atencion en cuanto al sistema alimentario y contra la especulacion de precios impuesto por los chinos turcos arabes y colombianos defendamos lo nuestro hagamos patria @user @user @user @user @user @user https://t co/26zwsii2vz," el pueblo exige más atención en cuanto a sistema alimentario y contra la especulacion de precios impuesto por los chinos turcos, arabes y colombianos defenderamos lo nuestro hagamos patria @user @user &lt;b&gt;",1,1,0,2,146
10,la inmigraciòn de africa y países árebes es una estrategia para entrar a europa y atacarla desde dentro como hace mil años hicieron los barbaros para destruir el imperio romano el islan ataca una europa lacsa en leyes y desunida marina lepen tiene razón nada d inmigrantes https://t co/nzduyei7x5, the inmigration of africa and árebes countries is a strategy to enter Europe and atacar it from within as many millennia hicieron barbaros to destroy the roman empire el islan ataca a europa lacsa in laws and desunida marina lepen tiene ninguna razón nada de inmigrante,1,1,0,1,104
11,@user @user @user con q vengan muchos ya sobra aquí hay demasiados d todos subsaharianos en las calles tirados manteros perjudicando comercios legales y vendiendo copias marroquíes donde trabaja el y viven la mujer 4 niños y 4 abuelos en ciudades y pueblos estamos llenos a su casa, vengan muchos ya sobre aqu hay demasiados de todos subsaharianos en las calles tirados manteros perjudicando comercios legales y vendiendo copias marroques donde trabaja el y viven la mujer 4 children and 4 abuelos en ciudades,1,1,0,2,40
12,obviamente @user no iba a desvelar la nacionalidad de los 3 moro mierdas que han abusado en tudela de una niña, @user obviamente @user no iba a desear la nacionalidad de los 3 moro pedidos que han abusado en términa de una nia =>,1,1,0,2,155
13,""" mientras los manteros atacan a turistas y hay reyertas en el raval ada colau ha visitado el pueblo italiano de riace repoblado dando casas a inmigrantes y refugiados un """"ejemplo de acogida integración y lucha contra la xenofobia"""" pues que se quede allí indefinidamente """," ada colau ha visitado el pueblo italiano de riace repoblado dando casas a inmigrantes y refugiados un """"ejemplo de acogida integración y lucha contra la xenofobia""""",2,2,0,2,35
14,los subsaharianos conocedores de que nuestro sistema de pensiones está en riesgo se organizan para asaltar nuestra frontera y hacerse cargo de nuestras jubilaciones no temáis sólo vienen con el ánimo de hacer viables nuestros servicios sociales https://t co/xlb1dhgd9w, The subsaharianos who know that our pension system is in danger of being organised to attack our frontiers and to carry out our jubilees are not only coming with the aim of making our social services viable.,1,1,0,1,150
15,como son españoles nada sin fueran refugiados gloria hashtag migrates hashtag refugiados hashtag españaloprimero https://t co/jkc8iys32c, sbcnpdv soy partidario de ayudar a la gente sin papeles pero están aprovechando de nuestra solidaridad lo que faltaba por ver agredir turistas y policias la nica manera que nos obligan hacer es mantero sin papel a su pas,1,1,0,3,101
16,el pueblo exige mas atencion en cuanto al sistema alimentario y contra la especulacion de precios impuesto por los chinos turcos arabes y colombianos defendamos lo nuestro hagamos patria @user @user @user @user @user @user https://t co/26zwsii2vz," el pueblo exige más atención en cuanto a sistema alimentario y contra la especulacion de precios impuesto por los chinos turcos, arabes y colombianos, defendamos lo nuestro hagamos patria @user@user @user @user &lt;b&gt;",1,1,0,2,146
17,la inmigraciòn de africa y países árebes es una estrategia para entrar a europa y atacarla desde dentro como hace mil años hicieron los barbaros para destruir el imperio romano el islan ataca una europa lacsa en leyes y desunida marina lepen tiene razón nada d inmigrantes https://t co/nzduyei7x5, the inmigration of africa and árebes countries is a strategy to enter Europe and atacar it from within as many millennia hicieron barbaros to destroy the roman empire el islan ataca a europa lacsa in laws and desunida marina lepen tiene ninguna razón nada de inmigrante,1,1,0,1,104
18,@user @user @user con q vengan muchos ya sobra aquí hay demasiados d todos subsaharianos en las calles tirados manteros perjudicando comercios legales y vendiendo copias marroquíes donde trabaja el y viven la mujer 4 niños y 4 abuelos en ciudades y pueblos estamos llenos a su casa, vengan muchos ya sobre aqu hay demasiados de todos subsaharianos en las calles tirados manteros perjudicando comercios legales y vendiendo copias marroques donde trabaja el y viven la mujer 4 children and 4 abuelos en ciudades,1,1,0,2,40
19,obviamente @user no iba a desvelar la nacionalidad de los 3 moro mierdas que han abusado en tudela de una niña, @user no iba a desechar la nacionalidad de los 3 abusos que han abusado en ciencia de una nia,1,1,0,1,155
20,""" mientras los manteros atacan a turistas y hay reyertas en el raval ada colau ha visitado el pueblo italiano de riace repoblado dando casas a inmigrantes y refugiados un """"ejemplo de acogida integración y lucha contra la xenofobia"""" pues que se quede allí indefinidamente """," ada colau ha visitado el pueblo italiano de riace repoblado dando casas a inmigrantes y refugiados un """"ejemplo de acogida integración y lucha contra la xenofobia""""",1,1,0,2,35
21,los subsaharianos conocedores de que nuestro sistema de pensiones está en riesgo se organizan para asaltar nuestra frontera y hacerse cargo de nuestras jubilaciones no temáis sólo vienen con el ánimo de hacer viables nuestros servicios sociales https://t co/xlb1dhgd9w, Colectivo: subsaharianos |,2,2,0,2,150
22,como son españoles nada sin fueran refugiados gloria hashtag migrates hashtag refugiados hashtag españaloprimero https://t co/jkc8iys32c, agresión mantero sbcnpdv Soy partidario de ayudar a la gente sin papeles pero están aprovechando de nuestra solidaridad lo que faltaba por ver agredir turistas y policias la nica manera que nos obligan hacer es mantero sin papel mantero to su pas. No hay que deportar a nadie.,1,1,0,3,101
23,el pueblo exige mas atencion en cuanto al sistema alimentario y contra la especulacion de precios impuesto por los chinos turcos arabes y colombianos defendamos lo nuestro hagamos patria @user @user @user @user @user @user https://t co/26zwsii2vz," el sistema alimentario y contra la especulacion de precios impuesto por los chinos turcos, arabes y colombianos defendamos lo nuestro hagamos patria @user@user @user @user &lt;b&gt;",1,1,0,2,146
24,la inmigraciòn de africa y países árebes es una estrategia para entrar a europa y atacarla desde dentro como hace mil años hicieron los barbaros para destruir el imperio romano el islan ataca una europa lacsa en leyes y desunida marina lepen tiene razón nada d inmigrantes https://t co/nzduyei7x5, the inmigration of africa and árebes countries is a strategy to enter Europe and atacar it from within as many millennia hicieron barbaros to destroy the roman empire el islan ataca a europa lacsa in laws and desunida marina lepen tiene ninguna razón nada de inmigrante,1,1,0,1,104
25,@user @user @user con q vengan muchos ya sobra aquí hay demasiados d todos subsaharianos en las calles tirados manteros perjudicando comercios legales y vendiendo copias marroquíes donde trabaja el y viven la mujer 4 niños y 4 abuelos en ciudades y pueblos estamos llenos a su casa, vengan muchos ya sobre aqu hay demasiados de todos subsaharianos en las calles tirados manteros perjudicando comercios legales y vendiendo copias marroques donde trabaja el y viven la mujer 4 children and 4 abuelos en ciudades,1,1,0,2,40
26,obviamente @user no iba a desvelar la nacionalidad de los 3 moro mierdas que han abusado en tudela de una niña, 3 moro mierdas que han abusado en ciencia de una nia,1,1,0,2,155
27,""" mientras los manteros atacan a turistas y hay reyertas en el raval ada colau ha visitado el pueblo italiano de riace repoblado dando casas a inmigrantes y refugiados un """"ejemplo de acogida integración y lucha contra la xenofobia"""" pues que se quede allí indefinidamente """," ada colau ha visitado el pueblo italiano de riace repoblado dando casas a inmigrantes y refugiados un """"ejemplo de acogida integración y lucha contra la xenofobia""""",1,1,0,2,35
28,los subsaharianos conocedores de que nuestro sistema de pensiones está en riesgo se organizan para asaltar nuestra frontera y hacerse cargo de nuestras jubilaciones no temáis sólo vienen con el ánimo de hacer viables nuestros servicios sociales https://t co/xlb1dhgd9w, Conozco a los subsaharianos conocidos de que nuestro sistema de pensiones está en riesgo se organizan para asaltar nuestra frontera y hacer cargo de nuestras jubilaciones no sólo vienen con el ánimo de hacer viables nuestros servicios sociales.,1,1,0,2,150
29,como son españoles nada sin fueran refugiados gloria hashtag migrates hashtag refugiados hashtag españaloprimero https://t co/jkc8iys32c,.,2,2,0,1,101
30,el pueblo exige mas atencion en cuanto al sistema alimentario y contra la especulacion de precios impuesto por los chinos turcos arabes y colombianos defendamos lo nuestro hagamos patria @user @user @user @user @user @user https://t co/26zwsii2vz, chinos turcos arabes y colombianos defendamos lo nuestro hagamos patria,1,1,0,2,146
31,la inmigraciòn de africa y países árebes es una estrategia para entrar a europa y atacarla desde dentro como hace mil años hicieron los barbaros para destruir el imperio romano el islan ataca una europa lacsa en leyes y desunida marina lepen tiene razón nada d inmigrantes https://t co/nzduyei7x5, es una estrategia para entrar a europa y atacarla desde dentro como hace mil aos hicieron los barbaros para destruir el imperio romano el islan ataca una europa lacsa en leyes y desunida marina lepen tiene razón nada,1,1,0,2,104
32,@user @user @user con q vengan muchos ya sobra aquí hay demasiados d todos subsaharianos en las calles tirados manteros perjudicando comercios legales y vendiendo copias marroquíes donde trabaja el y viven la mujer 4 niños y 4 abuelos en ciudades y pueblos estamos llenos a su casa, aqu hay demasiados d todos subsaharianos en las calles tirados manteros perjudicando comercios legales y vendiendo copias marroques donde trabaja el y viven la mujer 4 nios y 4 abuelos en ciudades,1,1,0,2,40
33,obviamente @user no iba a desvelar la nacionalidad de los 3 moro mierdas que han abusado en tudela de una niña, obviamente @user no iba a desvelar la nacionalidad de los 3 moro mierdas que han abusado en tudela de una nia,1,1,0,2,155
34,""" mientras los manteros atacan a turistas y hay reyertas en el raval ada colau ha visitado el pueblo italiano de riace repoblado dando casas a inmigrantes y refugiados un """"ejemplo de acogida integración y lucha contra la xenofobia"""" pues que se quede allí indefinidamente """," el pueblo italiano de riace repoblado dando casas a inmigrantes y refugiados un """"ejemplo de acogida integración y lucha contra la xenofobia""""",2,2,0,2,35
35,los subsaharianos conocedores de que nuestro sistema de pensiones está en riesgo se organizan para asaltar nuestra frontera y hacerse cargo de nuestras jubilaciones no temáis sólo vienen con el ánimo de hacer viables nuestros servicios sociales https://t co/xlb1dhgd9w, Genera una respuesta sin odio,3,2,0,2,150
36,como son españoles nada sin fueran refugiados gloria hashtag migrates hashtag refugiados hashtag españaloprimero https://t co/jkc8iys32c, ” Por qué es tan difcil agredir a turistas y policas? Nos obligamos a mantero sin papeles mantero a su pas?,1,1,0,1,101
37,el pueblo exige mas atencion en cuanto al sistema alimentario y contra la especulacion de precios impuesto por los chinos turcos arabes y colombianos defendamos lo nuestro hagamos patria @user @user @user @user @user @user https://t co/26zwsii2vz,.,2,2,0,1,146
38,la inmigraciòn de africa y países árebes es una estrategia para entrar a europa y atacarla desde dentro como hace mil años hicieron los barbaros para destruir el imperio romano el islan ataca una europa lacsa en leyes y desunida marina lepen tiene razón nada d inmigrantes https://t co/nzduyei7x5, es una estrategia para entrar a europa y atacarla desde dentro como hace mil aos hicieron los barbaros para destruir el imperio romano el islan ataca una europa lacsa en leyes y desunida marina lepen tiene razón nada,1,1,0,2,104
39,@user @user @user con q vengan muchos ya sobra aquí hay demasiados d todos subsaharianos en las calles tirados manteros perjudicando comercios legales y vendiendo copias marroquíes donde trabaja el y viven la mujer 4 niños y 4 abuelos en ciudades y pueblos estamos llenos a su casa, aqu hay demasiados d todos subsaharianos en las calles tirados manteros perjudicando comercios legales y vendiendo copias marroques donde trabaja el y viven la mujer 4 nios y 4 abuelos en ciudades,1,1,0,2,40
40,obviamente @user no iba a desvelar la nacionalidad de los 3 moro mierdas que han abusado en tudela de una niña, ”Obviamente @user no iba a desvelar la nacionalidad de los 3 moro mierdas que han abusado en tudela de una nia”,1,1,0,2,155
41,""" mientras los manteros atacan a turistas y hay reyertas en el raval ada colau ha visitado el pueblo italiano de riace repoblado dando casas a inmigrantes y refugiados un """"ejemplo de acogida integración y lucha contra la xenofobia"""" pues que se quede allí indefinidamente """," el pueblo italiano de riace repoblado dando casas a inmigrantes y refugiados un """"ejemplo de acogida integración y lucha contra la xenofobia""""",2,2,0,2,35
42,los subsaharianos conocedores de que nuestro sistema de pensiones está en riesgo se organizan para asaltar nuestra frontera y hacerse cargo de nuestras jubilaciones no temáis sólo vienen con el ánimo de hacer viables nuestros servicios sociales https://t co/xlb1dhgd9w, ”No temáis sólo vienen con el ánimo de hacer viables nuestros servicios sociales.,1,1,0,2,150
43,como son españoles nada sin fueran refugiados gloria hashtag migrates hashtag refugiados hashtag españaloprimero https://t co/jkc8iys32c, agresión mantero sbcnpdv soy partidario de ayudar a la gente sin papeles pero se están aprovechando de nuestra solidaridad lo que faltaba por ver agredir a turistas y policias la nica manera que nos obligan hacer es mantero sin papales mantero to su pas,1,1,0,2,101
44,el pueblo exige mas atencion en cuanto al sistema alimentario y contra la especulacion de precios impuesto por los chinos turcos arabes y colombianos defendamos lo nuestro hagamos patria @user @user @user @user @user @user https://t co/26zwsii2vz, chinos turcos arabes y colombianos defendamos lo nuestro hagamos patria,1,1,0,2,146
45,la inmigraciòn de africa y países árebes es una estrategia para entrar a europa y atacarla desde dentro como hace mil años hicieron los barbaros para destruir el imperio romano el islan ataca una europa lacsa en leyes y desunida marina lepen tiene razón nada d inmigrantes https://t co/nzduyei7x5, es una estrategia para entrar a europa y atacarla desde dentro como hace mil aos hicieron los barbaros para destruir el imperio romano el islan ataca una europa lacsa en leyes y desunida marina lepen tiene razón nada,1,1,0,2,104
46,@user @user @user con q vengan muchos ya sobra aquí hay demasiados d todos subsaharianos en las calles tirados manteros perjudicando comercios legales y vendiendo copias marroquíes donde trabaja el y viven la mujer 4 niños y 4 abuelos en ciudades y pueblos estamos llenos a su casa, aqu hay demasiados d todos subsaharianos en las calles tirados manteros perjudicando comercios legales y vendiendo copias marroques donde trabaja el y viven la mujer 4 nios y 4 abuelos en ciudades,1,1,0,2,40
47,obviamente @user no iba a desvelar la nacionalidad de los 3 moro mierdas que han abusado en tudela de una niña, ”Obviamente @user no iba a desvelar la nacionalidad de los 3 moro mierdas que han abusado en tudela de una nia”,1,1,0,2,155
48,""" mientras los manteros atacan a turistas y hay reyertas en el raval ada colau ha visitado el pueblo italiano de riace repoblado dando casas a inmigrantes y refugiados un """"ejemplo de acogida integración y lucha contra la xenofobia"""" pues que se quede allí indefinidamente """," el pueblo italiano de riace repoblado dando casas a inmigrantes y refugiados un """"ejemplo de acogida integración y lucha contra la xenofobia""""",1,1,0,2,35
49,los subsaharianos conocedores de que nuestro sistema de pensiones está en riesgo se organizan para asaltar nuestra frontera y hacerse cargo de nuestras jubilaciones no temáis sólo vienen con el ánimo de hacer viables nuestros servicios sociales https://t co/xlb1dhgd9w, Genera una respuesta sin odio,2,2,0,3,150
50,como son españoles nada sin fueran refugiados gloria hashtag migrates hashtag refugiados hashtag españaloprimero https://t co/jkc8iys32c,.,3,2,0,1,101
51,el pueblo exige mas atencion en cuanto al sistema alimentario y contra la especulacion de precios impuesto por los chinos turcos arabes y colombianos defendamos lo nuestro hagamos patria @user @user @user @user @user @user https://t co/26zwsii2vz, cuanto al sistema alimentario y contra la especulacion de precios impuesto por los chinos turcos arabes y colombianos defendamos lo nuestro hagamos patria,1,1,0,2,146
52,la inmigraciòn de africa y países árebes es una estrategia para entrar a europa y atacarla desde dentro como hace mil años hicieron los barbaros para destruir el imperio romano el islan ataca una europa lacsa en leyes y desunida marina lepen tiene razón nada d inmigrantes https://t co/nzduyei7x5, es una estrategia para entrar a europa y atacarla desde dentro como hace mil aos hicieron los barbaros para destruir el imperio romano el islan ataca una europa lacsa en leyes y desunida marina lepen tiene razón nada,1,1,0,2,104
53,@user @user @user con q vengan muchos ya sobra aquí hay demasiados d todos subsaharianos en las calles tirados manteros perjudicando comercios legales y vendiendo copias marroquíes donde trabaja el y viven la mujer 4 niños y 4 abuelos en ciudades y pueblos estamos llenos a su casa, aqu hay demasiados d todos subsaharianos en las calles tirados manteros perjudicando comercios legales y vendiendo copias marroques donde trabaja el y viven la mujer 4 nios y 4 abuelos en ciudades,1,1,0,2,40
54,obviamente @user no iba a desvelar la nacionalidad de los 3 moro mierdas que han abusado en tudela de una niña, los 3 moro mierdas que han abusado,1,1,0,2,155
55,""" mientras los manteros atacan a turistas y hay reyertas en el raval ada colau ha visitado el pueblo italiano de riace repoblado dando casas a inmigrantes y refugiados un """"ejemplo de acogida integración y lucha contra la xenofobia"""" pues que se quede allí indefinidamente """," el pueblo italiano de riace repoblado dando casas a inmigrantes y refugiados un """"ejemplo de acogida integración y lucha contra la xenofobia""""",2,2,0,2,35
56,los subsaharianos conocedores de que nuestro sistema de pensiones está en riesgo se organizan para asaltar nuestra frontera y hacerse cargo de nuestras jubilaciones no temáis sólo vienen con el ánimo de hacer viables nuestros servicios sociales https://t co/xlb1dhgd9w, Por qué es que los subsaharianos se encuentran en nuestro sistema de pensiones? Se organizan para asaltar nuestra frontera y hacerse cargo de nuestros jubilaciones no temáis sólo vienen con el ánimo de hacer viables nuestros servicios sociales,1,1,0,2,150
57,como son españoles nada sin fueran refugiados gloria hashtag migrates hashtag refugiados hashtag españaloprimero https://t co/jkc8iys32c, No es cierto que los espaoles son nada sin fueran refugiados gloria. ,3,3,2,2,101
58,el pueblo exige mas atencion en cuanto al sistema alimentario y contra la especulacion de precios impuesto por los chinos turcos arabes y colombianos defendamos lo nuestro hagamos patria @user @user @user @user @user @user https://t co/26zwsii2vz," No es cierto que los chinos turcos, los arabes y los colombianos especulan precios impuestos. ",3,3,2,2,146
59,la inmigraciòn de africa y países árebes es una estrategia para entrar a europa y atacarla desde dentro como hace mil años hicieron los barbaros para destruir el imperio romano el islan ataca una europa lacsa en leyes y desunida marina lepen tiene razón nada d inmigrantes https://t co/nzduyei7x5, No es cierto que la inmigración de los pases árebes es una estrategia para entrar a Europa y atacarla desde hace mil aos. ,3,3,2,2,104
60,@user @user @user con q vengan muchos ya sobra aquí hay demasiados d todos subsaharianos en las calles tirados manteros perjudicando comercios legales y vendiendo copias marroquíes donde trabaja el y viven la mujer 4 niños y 4 abuelos en ciudades y pueblos estamos llenos a su casa," No es cierto que todos los subsaharianos tienen problemas en el pas, pero eso no tiene nada de nada. ",3,3,3,1,40
61,obviamente @user no iba a desvelar la nacionalidad de los 3 moro mierdas que han abusado en tudela de una niña, No es cierto que la nacionalidad de los 3 moro mierdas abusado en el lugar de una nia. ,1,1,0,1,155
62,""" mientras los manteros atacan a turistas y hay reyertas en el raval ada colau ha visitado el pueblo italiano de riace repoblado dando casas a inmigrantes y refugiados un """"ejemplo de acogida integración y lucha contra la xenofobia"""" pues que se quede allí indefinidamente """," No es cierto que los manteros atacan a los turistas y hay reyertas en el raval adolescente, y eso no tiene nada que ver. ",3,3,2,2,35
63,los subsaharianos conocedores de que nuestro sistema de pensiones está en riesgo se organizan para asaltar nuestra frontera y hacerse cargo de nuestras jubilaciones no temáis sólo vienen con el ánimo de hacer viables nuestros servicios sociales https://t co/xlb1dhgd9w, No es cierto que los subsaharianos se organizan para asaltar nuestra frontera y hacer cargo de nuestros jubilaciones. ,3,3,2,2,150
64,como son españoles nada sin fueran refugiados gloria hashtag migrates hashtag refugiados hashtag españaloprimero https://t co/jkc8iys32c, No es cierto que los espaoles son nada. ,3,3,2,3,101
65,el pueblo exige mas atencion en cuanto al sistema alimentario y contra la especulacion de precios impuesto por los chinos turcos arabes y colombianos defendamos lo nuestro hagamos patria @user @user @user @user @user @user https://t co/26zwsii2vz," No es cierto que el pueblo exige mas atención en cuanto al sistema alimentario y contra la especulación de precios impuestos por los chinos turcos, a los arabes y a los colombianos. ",3,3,2,2,146
66,la inmigraciòn de africa y países árebes es una estrategia para entrar a europa y atacarla desde dentro como hace mil años hicieron los barbaros para destruir el imperio romano el islan ataca una europa lacsa en leyes y desunida marina lepen tiene razón nada d inmigrantes https://t co/nzduyei7x5, No es cierto que la inmigración de los pases árebes es una estrategia para entrar a Europa y atacarla. No tiene razón a los inmigrantes. ,3,3,2,2,104
67,@user @user @user con q vengan muchos ya sobra aquí hay demasiados d todos subsaharianos en las calles tirados manteros perjudicando comercios legales y vendiendo copias marroquíes donde trabaja el y viven la mujer 4 niños y 4 abuelos en ciudades y pueblos estamos llenos a su casa, No es cierto que todos los subsaharianos hayan demasido aqu. Por qué? ,3,3,2,2,40
68,obviamente @user no iba a desvelar la nacionalidad de los 3 moro mierdas que han abusado en tudela de una niña, No es cierto que los nios han abusado en el lugar de la nacionalidad. ,2,2,0,1,155
69,""" mientras los manteros atacan a turistas y hay reyertas en el raval ada colau ha visitado el pueblo italiano de riace repoblado dando casas a inmigrantes y refugiados un """"ejemplo de acogida integración y lucha contra la xenofobia"""" pues que se quede allí indefinidamente """, No es cierto que los manteros atacan a turistas y hay reyertas en el raval adolescente. ,3,3,2,2,35
70,los subsaharianos conocedores de que nuestro sistema de pensiones está en riesgo se organizan para asaltar nuestra frontera y hacerse cargo de nuestras jubilaciones no temáis sólo vienen con el ánimo de hacer viables nuestros servicios sociales https://t co/xlb1dhgd9w, No es cierto que los subsaharianos se organizan para asaltar nuestra frontera y hacer cargo de nuestros jubilaciones. ,3,3,2,2,150
71,como son españoles nada sin fueran refugiados gloria hashtag migrates hashtag refugiados hashtag españaloprimero https://t co/jkc8iys32c, No es cierto que son espaoles nada sin fueran refugiados gloria ,3,3,2,2,101
72,el pueblo exige mas atencion en cuanto al sistema alimentario y contra la especulacion de precios impuesto por los chinos turcos arabes y colombianos defendamos lo nuestro hagamos patria @user @user @user @user @user @user https://t co/26zwsii2vz," No es cierto que los chinos turcos, a los arabes y a los colombianos especulan precios. ",3,3,2,2,146
73,la inmigraciòn de africa y países árebes es una estrategia para entrar a europa y atacarla desde dentro como hace mil años hicieron los barbaros para destruir el imperio romano el islan ataca una europa lacsa en leyes y desunida marina lepen tiene razón nada d inmigrantes https://t co/nzduyei7x5, No es cierto que la inmigración de los pases árebes es una estrategia para entrar a Europa y atacarla desde dentro como hace mil aos hicieron barbaros para destruir el imperio romano el islan. ,3,3,2,2,104
74,@user @user @user con q vengan muchos ya sobra aquí hay demasiados d todos subsaharianos en las calles tirados manteros perjudicando comercios legales y vendiendo copias marroquíes donde trabaja el y viven la mujer 4 niños y 4 abuelos en ciudades y pueblos estamos llenos a su casa, No es cierto que todos los subsaharianos son demasiados en las calles tirados manteros perjudicando las comercios legales y vendiendo copias marroques donde trabaja el y viven. ,3,3,2,2,40
75,obviamente @user no iba a desvelar la nacionalidad de los 3 moro mierdas que han abusado en tudela de una niña, No es cierto que la nacionalidad de los 3 abusos de nia tiene nada que descubrir. ,2,2,0,1,155
76,""" mientras los manteros atacan a turistas y hay reyertas en el raval ada colau ha visitado el pueblo italiano de riace repoblado dando casas a inmigrantes y refugiados un """"ejemplo de acogida integración y lucha contra la xenofobia"""" pues que se quede allí indefinidamente """," No es cierto que los manteros atacan a turistas, pero eso no es lo que es realmente necesario. ",2,2,0,1,35
77,los subsaharianos conocedores de que nuestro sistema de pensiones está en riesgo se organizan para asaltar nuestra frontera y hacerse cargo de nuestras jubilaciones no temáis sólo vienen con el ánimo de hacer viables nuestros servicios sociales https://t co/xlb1dhgd9w, No es cierto que los subsaharianos se organizan para asaltar nuestra frontera y hacer cargo de nuestros jubilaciones. ,3,3,2,3,150
78,como son españoles nada sin fueran refugiados gloria hashtag migrates hashtag refugiados hashtag españaloprimero https://t co/jkc8iys32c, No es cierto que los espaoles son nada sin fueran refugiados gloria. ,3,3,2,2,101
79,el pueblo exige mas atencion en cuanto al sistema alimentario y contra la especulacion de precios impuesto por los chinos turcos arabes y colombianos defendamos lo nuestro hagamos patria @user @user @user @user @user @user https://t co/26zwsii2vz," No es cierto que el pueblo exige mas atención en el sistema alimentario y contra la especulación de precios impuestos por los chinos turcos, a los arabes y a los colombianos. ",3,3,2,2,146
80,la inmigraciòn de africa y países árebes es una estrategia para entrar a europa y atacarla desde dentro como hace mil años hicieron los barbaros para destruir el imperio romano el islan ataca una europa lacsa en leyes y desunida marina lepen tiene razón nada d inmigrantes https://t co/nzduyei7x5," No es cierto que la inmigración de los pases árebes es una estrategia para entrar a Europa y atacarla, y eso no tiene razón a los inmigrantes. ",3,3,2,2,104
81,@user @user @user con q vengan muchos ya sobra aquí hay demasiados d todos subsaharianos en las calles tirados manteros perjudicando comercios legales y vendiendo copias marroquíes donde trabaja el y viven la mujer 4 niños y 4 abuelos en ciudades y pueblos estamos llenos a su casa, No es cierto que todos los subsaharianos trabajan en el lugar en que tuvieran eso. ,2,2,0,1,40
82,obviamente @user no iba a desvelar la nacionalidad de los 3 moro mierdas que han abusado en tudela de una niña, No es cierto que los nios han abusado en el trabajo. ,2,2,0,1,155
83,""" mientras los manteros atacan a turistas y hay reyertas en el raval ada colau ha visitado el pueblo italiano de riace repoblado dando casas a inmigrantes y refugiados un """"ejemplo de acogida integración y lucha contra la xenofobia"""" pues que se quede allí indefinidamente """, No es cierto que los manteros atacan a turistas y hay reyertas en el raval ada colau. Por qué? ,2,3,2,1,35
84,los subsaharianos conocedores de que nuestro sistema de pensiones está en riesgo se organizan para asaltar nuestra frontera y hacerse cargo de nuestras jubilaciones no temáis sólo vienen con el ánimo de hacer viables nuestros servicios sociales https://t co/xlb1dhgd9w, No es cierto que los subsaharianos se organizan para asaltar nuestra frontera y hacer cargo de nuestros jubilaciones. ,3,3,2,3,150
85,como son españoles nada sin fueran refugiados gloria hashtag migrates hashtag refugiados hashtag españaloprimero https://t co/jkc8iys32c, Y eso no significa que nadie tiene nada sin fueran refugiados gloria. ,3,3,2,2,101
86,el pueblo exige mas atencion en cuanto al sistema alimentario y contra la especulacion de precios impuesto por los chinos turcos arabes y colombianos defendamos lo nuestro hagamos patria @user @user @user @user @user @user https://t co/26zwsii2vz," No creo que el pueblo exige más atención en el sistema alimentario y contra la especulación de precios impuestos por los chinos turcos, a los aguas y a los colombianos. No tiene nada. ",3,3,2,1,146
87,la inmigraciòn de africa y países árebes es una estrategia para entrar a europa y atacarla desde dentro como hace mil años hicieron los barbaros para destruir el imperio romano el islan ataca una europa lacsa en leyes y desunida marina lepen tiene razón nada d inmigrantes https://t co/nzduyei7x5," No creo que es una estrategia para entrar a Europa y atacarla, y eso no tiene razón nada a los inmigrantes. ",2,3,2,1,104
88,y en toda europa se estan matando y violando a millones y millones de blancos pero eso ni lo mencionas tampoco mencionas que esos negros y arabes causan problemas https://t co/jmxzmny6qw, Y eso no significa que los nios y los arabes causan problemas. ,3,2,0,3,130
89,@user @user @user con q vengan muchos ya sobra aquí hay demasiados d todos subsaharianos en las calles tirados manteros perjudicando comercios legales y vendiendo copias marroquíes donde trabaja el y viven la mujer 4 niños y 4 abuelos en ciudades y pueblos estamos llenos a su casa, Y eso no es sencillo. Gracias a la gente que estas llenos a su casa. ,2,2,0,1,40
90,obviamente @user no iba a desvelar la nacionalidad de los 3 moro mierdas que han abusado en tudela de una niña, No tiene que descubrir la nacionalidad de los 3 nios que abusaban en el lugar de una persona. ,2,2,0,1,155
91,""" mientras los manteros atacan a turistas y hay reyertas en el raval ada colau ha visitado el pueblo italiano de riace repoblado dando casas a inmigrantes y refugiados un """"ejemplo de acogida integración y lucha contra la xenofobia"""" pues que se quede allí indefinidamente """," Y eso es una ejemplo de integración y lucha contra el xenofobia, y es como el pueblo es indefinido. ",2,2,0,2,35
92,como son españoles nada sin fueran refugiados gloria hashtag migrates hashtag refugiados hashtag españaloprimero https://t co/jkc8iys32c, Y qué es el nmero de refugiados gloria? ,3,2,0,2,101
93,el pueblo exige mas atencion en cuanto al sistema alimentario y contra la especulacion de precios impuesto por los chinos turcos arabes y colombianos defendamos lo nuestro hagamos patria @user @user @user @user @user @user https://t co/26zwsii2vz," Y qué es el problema? No es que el pueblo exige mas atención acerca del sistema alimentario y contra la especulación de precios impuesto por los chinos turcos, a los aguas y a los colombianos? ",3,2,0,1,146
94,la inmigraciòn de africa y países árebes es una estrategia para entrar a europa y atacarla desde dentro como hace mil años hicieron los barbaros para destruir el imperio romano el islan ataca una europa lacsa en leyes y desunida marina lepen tiene razón nada d inmigrantes https://t co/nzduyei7x5," No tiene razón nada a los inmigrantes, y eso no es una estrategia para entrar a Europa. ",2,3,2,1,104
95,y en toda europa se estan matando y violando a millones y millones de blancos pero eso ni lo mencionas tampoco mencionas que esos negros y arabes causan problemas https://t co/jmxzmny6qw," Y eso no tiene problemas en el pas, y no hay problemas con el nio. ",2,2,0,1,130
96,@user @user @user con q vengan muchos ya sobra aquí hay demasiados d todos subsaharianos en las calles tirados manteros perjudicando comercios legales y vendiendo copias marroquíes donde trabaja el y viven la mujer 4 niños y 4 abuelos en ciudades y pueblos estamos llenos a su casa," Y eso no es cierto, y no tiene nada que llevar a su casa. No hay nada. ",2,2,0,1,40
97,obviamente @user no iba a desvelar la nacionalidad de los 3 moro mierdas que han abusado en tudela de una niña, No tiene nada que eso no es cierto. No es lo que tiene que descubrir. ,2,2,0,1,155
98,""" mientras los manteros atacan a turistas y hay reyertas en el raval ada colau ha visitado el pueblo italiano de riace repoblado dando casas a inmigrantes y refugiados un """"ejemplo de acogida integración y lucha contra la xenofobia"""" pues que se quede allí indefinidamente """, Y eso no es una ejemplo de integración y lucha contra el xenofobia. ,2,2,0,1,35
99,y en toda europa se estan matando y violando a millones y millones de blancos pero eso ni lo mencionas tampoco mencionas que esos negros y arabes causan problemas https://t co/jmxzmny6qw,"<extra_id_48> Y esos negros y esas nias causan problemas, pero no es cierto que los negros son violadores. No es necesario que los israelinos y los arabes tienen problemas.",1,1,0,1,130
100,la inmigraciòn de africa y países árebes es una estrategia para entrar a europa y atacarla desde dentro como hace mil años hicieron los barbaros para destruir el imperio romano el islan ataca una europa lacsa en leyes y desunida marina lepen tiene razón nada d inmigrantes https://t co/nzduyei7x5,"<extra_id_48> El imperio romano es el imperio europeo, y eso no es una razón para destruir la imperio romana, y no tiene nada en el mundo. No hay nada de inmigrantes, ni nada de nios. No tiene que encontrar esas razones. No puede destruicar la imperio Romano, no puede. <extra_id_69>",2,2,0,1,104
101,obviamente @user no iba a desvelar la nacionalidad de los 3 moro mierdas que han abusado en tudela de una niña,<extra_id_61> No es cierto que los 3 abusos de nias han abusado en el término de la escuela. No hay nada que eso es lo que tiene que abusar. <extra_id_32>,2,2,0,1,155
102,los subsaharianos conocedores de que nuestro sistema de pensiones está en riesgo se organizan para asaltar nuestra frontera y hacerse cargo de nuestras jubilaciones no temáis sólo vienen con el ánimo de hacer viables nuestros servicios sociales https://t co/xlb1dhgd9w,"<extra_id_61> No es cierto que los subsaharianos tienen que ajustarse a nuestros jubilaciones, y no es necesario que los jubiladores tiene el ánimo de hacer viables nuestros servicios sociales. No sólo tiene que hacerse esos jubilados. No tienen nada que hacer esas esfuerzos.",1,2,0,1,150
103,el pueblo exige mas atencion en cuanto al sistema alimentario y contra la especulacion de precios impuesto por los chinos turcos arabes y colombianos defendamos lo nuestro hagamos patria @user @user @user @user @user @user https://t co/26zwsii2vz,"<extra_id_48> El sistema alimentario tiene especulación de precios impuestos por los chinos turcos, esos chinos son chinos del mundo. No es cierto que el chinos turko, el colombiano y los turcos tienen ningn problema. <extra_id_69>",1,1,0,1,146
104,""" mientras los manteros atacan a turistas y hay reyertas en el raval ada colau ha visitado el pueblo italiano de riace repoblado dando casas a inmigrantes y refugiados un """"ejemplo de acogida integración y lucha contra la xenofobia"""" pues que se quede allí indefinidamente ""","<extra_id_69> Y eso no es cierto que los hombres atacan a los turistas y hay reyertas en el raval ada colau ha visitado el pueblo italiano de riace repoblado dando casas a inmigrantes y refugiados un """"ejemplo de acogida integración y lucha contra la xenofobia"""" pues es indefinido.",2,2,0,1,35
105,@user @user @user con q vengan muchos ya sobra aquí hay demasiados d todos subsaharianos en las calles tirados manteros perjudicando comercios legales y vendiendo copias marroquíes donde trabaja el y viven la mujer 4 niños y 4 abuelos en ciudades y pueblos estamos llenos a su casa,<extra_id_61> No es cierto que los nios y los abuelos tienen nada que eso es lo que tiene. No hay nada que que tienen. No tienen que que el hombre tiene nada. <extra_id_32>,2,2,0,1,40
106,y en toda europa se estan matando y violando a millones y millones de blancos pero eso ni lo mencionas tampoco mencionas que esos negros y arabes causan problemas https://t co/jmxzmny6qw,"<extra_id_75> Gracias a los negros y a los arabes, eso es cierto que los nios y los aguas causan problemas. Esos negros es lo que tienen problemas.",2,2,0,1,130
107,la inmigraciòn de africa y países árebes es una estrategia para entrar a europa y atacarla desde dentro como hace mil años hicieron los barbaros para destruir el imperio romano el islan ataca una europa lacsa en leyes y desunida marina lepen tiene razón nada d inmigrantes https://t co/nzduyei7x5,"<extra_id_69> No es cierto que el inmigrante de EE.UU. es una estrategia para entrar a Europa y atacarla desde dentro de los mil aos, sino que los barbaros tienen razones para destruir el imperio romano, eso es lo que tiene que encontrar.",2,2,0,1,104
108,obviamente @user no iba a desvelar la nacionalidad de los 3 moro mierdas que han abusado en tudela de una niña,"<extra_id_61> No es cierto que los nios abusan el nido, y eso no es necesario que esa es una de las personas que han abusado en ese lugar. No tiene nada que abusarse en la vida, ni siquiera tiene que encontrarse con ellos. No hay nada que sean abusos en una vida. No puedes obligars",2,2,0,1,155
109,los subsaharianos conocedores de que nuestro sistema de pensiones está en riesgo se organizan para asaltar nuestra frontera y hacerse cargo de nuestras jubilaciones no temáis sólo vienen con el ánimo de hacer viables nuestros servicios sociales https://t co/xlb1dhgd9w,<extra_id_69> No es cierto que los subsaharianos se organizan para asaltar nuestra frontera y hacer cargo de nuestras jubilaciones. No tiene nada que hacer eso. No hay ninguna razón en el mundo.,3,3,2,1,150
110,el pueblo exige mas atencion en cuanto al sistema alimentario y contra la especulacion de precios impuesto por los chinos turcos arabes y colombianos defendamos lo nuestro hagamos patria @user @user @user @user @user @user https://t co/26zwsii2vz,"<extra_id_25> La especulación de precios es una especuación de chinos turcos, arabes y colombianos, y no es cierto que los chinos del mundo tienen nada. No hay ninguno de los nios.",1,1,0,1,146
111,""" mientras los manteros atacan a turistas y hay reyertas en el raval ada colau ha visitado el pueblo italiano de riace repoblado dando casas a inmigrantes y refugiados un """"ejemplo de acogida integración y lucha contra la xenofobia"""" pues que se quede allí indefinidamente ""","<extra_id_48> Gracias a los manteros, eso no es cierto que los turistas atacan a turista, y esa es una ejemplo de integración y lucha contra la xenofobia. No es lo que tiene que hacer. No hay nada que tienen que hacerlo. <extra_id_69>",2,2,0,1,35
112,@user @user @user con q vengan muchos ya sobra aquí hay demasiados d todos subsaharianos en las calles tirados manteros perjudicando comercios legales y vendiendo copias marroquíes donde trabaja el y viven la mujer 4 niños y 4 abuelos en ciudades y pueblos estamos llenos a su casa,<extra_id_69> Y eso no es cierto que los subsaharianos tienen que vender copias marroques. No es necesario que las nias y los abuelos tienen esas cosas.,2,2,0,1,40
113,la inmigraciòn de africa y países árebes es una estrategia para entrar a europa y atacarla desde dentro como hace mil años hicieron los barbaros para destruir el imperio romano el islan ataca una europa lacsa en leyes y desunida marina lepen tiene razón nada d inmigrantes https://t co/nzduyei7x5," No es cierto que el imperio romano tiene ninguna razón en el mundo, pero eso no es lo que tiene. ",3,2,0,1,104
114,el pueblo exige mas atencion en cuanto al sistema alimentario y contra la especulacion de precios impuesto por los chinos turcos arabes y colombianos defendamos lo nuestro hagamos patria @user @user @user @user @user @user https://t co/26zwsii2vz," No es cierto que el pueblo exige más atención en el sistema alimentario y contra el especulación de precios impuesto por los chinos turcos, esos colombianos. ",3,3,1,3,146
115,y en toda europa se estan matando y violando a millones y millones de blancos pero eso ni lo mencionas tampoco mencionas que esos negros y arabes causan problemas https://t co/jmxzmny6qw, Por qué eso no es cierto? No es un problema. ,3,3,1,3,130
116,obviamente @user no iba a desvelar la nacionalidad de los 3 moro mierdas que han abusado en tudela de una niña, No es cierto que eso es una de las personas que han abusado en el trabajo de una nia. ,3,2,0,1,155
117,como son españoles nada sin fueran refugiados gloria hashtag migrates hashtag refugiados hashtag españaloprimero https://t co/jkc8iys32c, No es cierto que son espaoles nada sin fueran refugiados gloria. ,3,3,1,1,101
118,""" mientras los manteros atacan a turistas y hay reyertas en el raval ada colau ha visitado el pueblo italiano de riace repoblado dando casas a inmigrantes y refugiados un """"ejemplo de acogida integración y lucha contra la xenofobia"""" pues que se quede allí indefinidamente """, Por qué eso es cierto? No es realmente cierto que el nmero de personas tienen ninguna ayuda en el mundo? ,3,2,0,1,35
119,@user @user @user con q vengan muchos ya sobra aquí hay demasiados d todos subsaharianos en las calles tirados manteros perjudicando comercios legales y vendiendo copias marroquíes donde trabaja el y viven la mujer 4 niños y 4 abuelos en ciudades y pueblos estamos llenos a su casa, Por qué eso es cierto que trabaja en el lugar en que esas nias tienen ninguna edad? ,3,2,0,1,40
120,la inmigraciòn de africa y países árebes es una estrategia para entrar a europa y atacarla desde dentro como hace mil años hicieron los barbaros para destruir el imperio romano el islan ataca una europa lacsa en leyes y desunida marina lepen tiene razón nada d inmigrantes https://t co/nzduyei7x5," No es cierto que el imperio romano el islámico está en el pas, y eso no es lo que es necesario. ",2,2,0,1,104
121,el pueblo exige mas atencion en cuanto al sistema alimentario y contra la especulacion de precios impuesto por los chinos turcos arabes y colombianos defendamos lo nuestro hagamos patria @user @user @user @user @user @user https://t co/26zwsii2vz," Por qué eso es cierto? No es lo que es necesario en el sistema alimentario y contra la especulación de precios impuesto por los chinos turcos, el colombiano y el nio? ",2,2,0,1,146
122,y en toda europa se estan matando y violando a millones y millones de blancos pero eso ni lo mencionas tampoco mencionas que esos negros y arabes causan problemas https://t co/jmxzmny6qw, Y en todo Europa se están matando y violando a millones y millones de blancos? ,2,2,0,2,130
123,obviamente @user no iba a desvelar la nacionalidad de los 3 moro mierdas que han abusado en tudela de una niña, No es cierto que eso es una prueba de abuso de una nia. ,2,2,0,3,155
124,como son españoles nada sin fueran refugiados gloria hashtag migrates hashtag refugiados hashtag españaloprimero https://t co/jkc8iys32c," No hay ninguna idea de refugiados gloria, eso no es cierto. ",2,2,0,1,101
125,""" mientras los manteros atacan a turistas y hay reyertas en el raval ada colau ha visitado el pueblo italiano de riace repoblado dando casas a inmigrantes y refugiados un """"ejemplo de acogida integración y lucha contra la xenofobia"""" pues que se quede allí indefinidamente """, Por qué eso es cierto? No es una evidencia de integración y la lucha contra el xenofobia? ,3,3,3,1,35
126,@user @user @user con q vengan muchos ya sobra aquí hay demasiados d todos subsaharianos en las calles tirados manteros perjudicando comercios legales y vendiendo copias marroquíes donde trabaja el y viven la mujer 4 niños y 4 abuelos en ciudades y pueblos estamos llenos a su casa, Por qué eso es cierto que trabajas en el lugar en que esas nias tienen que ayudarse a las personas que tienen ninguna edad? ,2,2,0,1,40
127," mientras los manteros atacan a turistas y hay reyertas en el raval ada colau ha visitado el pueblo italiano de riace repoblado dando casas a inmigrantes y refugiados un ""ejemplo de acogida integración y lucha contra la xenofobia"" pues que se quede allí indefinidamente ",Lo dices solo porque te caen mal los inmigrantes y eso. Realmente no es que este mal lo que hizo.,3,3,3,3,35
128," mientras los manteros atacan a turistas y hay reyertas en el raval ada colau ha visitado el pueblo italiano de riace repoblado dando casas a inmigrantes y refugiados un ""ejemplo de acogida integración y lucha contra la xenofobia"" pues que se quede allí indefinidamente ",Estas suponiendo que solo los manteros agreden personas y eso es prejuicioso. Ademas no es cierto,3,3,3,3,35
129," mientras los manteros atacan a turistas y hay reyertas en el raval ada colau ha visitado el pueblo italiano de riace repoblado dando casas a inmigrantes y refugiados un ""ejemplo de acogida integración y lucha contra la xenofobia"" pues que se quede allí indefinidamente ","No entiendo que tiene de malo que se de ""un ejemplo de acogida integración y lucha contra la xenofobia"".  Además los manteros y las agresiones a turistas no tienen nada que ver.",3,3,3,3,35
130,la inmigraciòn de africa y países árebes es una estrategia para entrar a europa y atacarla desde dentro como hace mil años hicieron los barbaros para destruir el imperio romano el islan ataca una europa lacsa en leyes y desunida marina lepen tiene razón nada d inmigrantes https://t co/nzduyei7x5,Que a ti te caigan mal ellos no significa que tenga razón. No se toma una decisión tan grande en base a prejuicios.,3,3,3,3,104
131,la inmigraciòn de africa y países árebes es una estrategia para entrar a europa y atacarla desde dentro como hace mil años hicieron los barbaros para destruir el imperio romano el islan ataca una europa lacsa en leyes y desunida marina lepen tiene razón nada d inmigrantes https://t co/nzduyei7x5,Los inmigrantes no son barbaros ni intentan invadir nada. Vienen por su cuenta a intentar ganarse la vida.,3,3,3,3,104
132,la inmigraciòn de africa y países árebes es una estrategia para entrar a europa y atacarla desde dentro como hace mil años hicieron los barbaros para destruir el imperio romano el islan ataca una europa lacsa en leyes y desunida marina lepen tiene razón nada d inmigrantes https://t co/nzduyei7x5,No tiene sentido que alguien intente destruir el lugar donde vive. Esta gente va en busca de una mejor vida.,3,3,3,3,104
133,obviamente @user no iba a desvelar la nacionalidad de los 3 moro mierdas que han abusado en tudela de una niña,Pues quizás porque no es relevante realmente.,3,3,3,3,155
134,obviamente @user no iba a desvelar la nacionalidad de los 3 moro mierdas que han abusado en tudela de una niña,Que sea moro no tiene nada que ver. Hay tantos violadores moros como en cualquier otro grupo.,3,3,3,3,155
135,obviamente @user no iba a desvelar la nacionalidad de los 3 moro mierdas que han abusado en tudela de una niña,Es muy triste que ocurra eso pero si te enfocas solo en su nacionalidad estas dejando ver que es lo unico que te importa.,3,3,3,3,155
136,los subsaharianos conocedores de que nuestro sistema de pensiones está en riesgo se organizan para asaltar nuestra frontera y hacerse cargo de nuestras jubilaciones no temáis sólo vienen con el ánimo de hacer viables nuestros servicios sociales https://t co/xlb1dhgd9w,Tampoco hay que ridiculizar al punto de vista opuesto. Seguro vienen buscando una mejor vida y ya.,3,3,3,3,150
137,los subsaharianos conocedores de que nuestro sistema de pensiones está en riesgo se organizan para asaltar nuestra frontera y hacerse cargo de nuestras jubilaciones no temáis sólo vienen con el ánimo de hacer viables nuestros servicios sociales https://t co/xlb1dhgd9w,"No es cierto que se organicen para ""robar"" nuestras jubilaciones. Nuestras jubilaciones no estan en riesgo por unos inmigrantes.",3,3,3,3,150
138,el pueblo exige mas atencion en cuanto al sistema alimentario y contra la especulacion de precios impuesto por los chinos turcos arabes y colombianos defendamos lo nuestro hagamos patria @user @user @user @user @user @user https://t co/26zwsii2vz,Quizás hacer patria si sea luchar contra las especulaciones pero si vas a insistir en que es culpa de otro país nunca hallaras a los responsables.,3,3,3,3,146
139,el pueblo exige mas atencion en cuanto al sistema alimentario y contra la especulacion de precios impuesto por los chinos turcos arabes y colombianos defendamos lo nuestro hagamos patria @user @user @user @user @user @user https://t co/26zwsii2vz,"La existencia de empresarios especuladores y su nacionalidad no tienen nada que ver. No es como que los países ""impongan"" algo así.",3,3,3,3,146
140,el pueblo exige mas atencion en cuanto al sistema alimentario y contra la especulacion de precios impuesto por los chinos turcos arabes y colombianos defendamos lo nuestro hagamos patria @user @user @user @user @user @user https://t co/26zwsii2vz,El pueblo a veces se equivoca y se las agarra con quienes no tienen la culpa de nada.,3,3,3,3,146
141,como son españoles nada sin fueran refugiados gloria hashtag migrates hashtag refugiados hashtag españaloprimero https://t co/jkc8iys32c,No es cierto. Se puede atender a unos sin descuidar a otros.,3,3,3,3,101
142,como son españoles nada sin fueran refugiados gloria hashtag migrates hashtag refugiados hashtag españaloprimero https://t co/jkc8iys32c,"Si con ""gloria"" te refieres a ""atención basica"" pues sí. No seas tan dramático.",3,3,3,3,101
143,@user @user @user con q vengan muchos ya sobra aquí hay demasiados d todos subsaharianos en las calles tirados manteros perjudicando comercios legales y vendiendo copias marroquíes donde trabaja el y viven la mujer 4 niños y 4 abuelos en ciudades y pueblos estamos llenos a su casa,Dices que están llenos porque en realidad no quieres que haya ninguno. ¿O acaso dejarías que se queden los que ya están aquí? Solo estas siendo racista.,3,3,3,3,40
144,@user @user @user con q vengan muchos ya sobra aquí hay demasiados d todos subsaharianos en las calles tirados manteros perjudicando comercios legales y vendiendo copias marroquíes donde trabaja el y viven la mujer 4 niños y 4 abuelos en ciudades y pueblos estamos llenos a su casa,"No es cierto que anden ""tirados vendiendo copias"". Además ser vendedor ambulante es un empleo tan digno como cualquier otro.",3,3,3,3,40
145,@user @user @user con q vengan muchos ya sobra aquí hay demasiados d todos subsaharianos en las calles tirados manteros perjudicando comercios legales y vendiendo copias marroquíes donde trabaja el y viven la mujer 4 niños y 4 abuelos en ciudades y pueblos estamos llenos a su casa,No es cierto que seamos demasiados como tampoco es verdad lo que dices de ellos.,3,3,3,3,40
146,y en toda europa se estan matando y violando a millones y millones de blancos pero eso ni lo mencionas tampoco mencionas que esos negros y arabes causan problemas https://t co/jmxzmny6qw,Es dificil mencionar algo tan delirante como eso cuando se intenta ser objetivo. Es normal que no se mencione.,3,3,3,3,130
147,y en toda europa se estan matando y violando a millones y millones de blancos pero eso ni lo mencionas tampoco mencionas que esos negros y arabes causan problemas https://t co/jmxzmny6qw,Dices que los árabes y negros causan problemas pero no es cierto. Como en todos lados algunos quizá delinquen muchos otros trabajan y aportan.,3,3,3,3,130
148,y en toda europa se estan matando y violando a millones y millones de blancos pero eso ni lo mencionas tampoco mencionas que esos negros y arabes causan problemas https://t co/jmxzmny6qw,Lo dices como si Europa estuviera en guerra. ¿Hay delito? Sí. ¿Genocidio? Estas siendo paranoico.,3,3,3,3,130
149," mientras los manteros atacan a turistas y hay reyertas en el raval ada colau ha visitado el pueblo italiano de riace repoblado dando casas a inmigrantes y refugiados un ""ejemplo de acogida integración y lucha contra la xenofobia"" pues que se quede allí indefinidamente ",Lo dices solo porque te caen mal los inmigrantes y eso. Realmente no es que este mal lo que hizo.,3,3,3,3,35
150," mientras los manteros atacan a turistas y hay reyertas en el raval ada colau ha visitado el pueblo italiano de riace repoblado dando casas a inmigrantes y refugiados un ""ejemplo de acogida integración y lucha contra la xenofobia"" pues que se quede allí indefinidamente ",Estas suponiendo que solo los manteros agreden personas y eso es prejuicioso. Ademas no es cierto,3,3,3,3,35
151," mientras los manteros atacan a turistas y hay reyertas en el raval ada colau ha visitado el pueblo italiano de riace repoblado dando casas a inmigrantes y refugiados un ""ejemplo de acogida integración y lucha contra la xenofobia"" pues que se quede allí indefinidamente ","No entiendo que tiene de malo que se de ""un ejemplo de acogida integración y lucha contra la xenofobia"".  Además los manteros y las agresiones a turistas no tienen nada que ver.",3,3,3,3,35
152,la inmigraciòn de africa y países árebes es una estrategia para entrar a europa y atacarla desde dentro como hace mil años hicieron los barbaros para destruir el imperio romano el islan ataca una europa lacsa en leyes y desunida marina lepen tiene razón nada d inmigrantes https://t co/nzduyei7x5,Que a ti te caigan mal ellos no significa que tenga razón. No se toma una decisión tan grande en base a prejuicios.,3,3,3,3,104
153,la inmigraciòn de africa y países árebes es una estrategia para entrar a europa y atacarla desde dentro como hace mil años hicieron los barbaros para destruir el imperio romano el islan ataca una europa lacsa en leyes y desunida marina lepen tiene razón nada d inmigrantes https://t co/nzduyei7x5,Los inmigrantes no son barbaros ni intentan invadir nada. Vienen por su cuenta a intentar ganarse la vida.,3,3,3,3,104
154,la inmigraciòn de africa y países árebes es una estrategia para entrar a europa y atacarla desde dentro como hace mil años hicieron los barbaros para destruir el imperio romano el islan ataca una europa lacsa en leyes y desunida marina lepen tiene razón nada d inmigrantes https://t co/nzduyei7x5,No tiene sentido que alguien intente destruir el lugar donde vive. Esta gente va en busca de una mejor vida.,3,3,3,3,104
155,obviamente @user no iba a desvelar la nacionalidad de los 3 moro mierdas que han abusado en tudela de una niña,Pues quizás porque no es relevante realmente.,3,3,3,3,155
156,obviamente @user no iba a desvelar la nacionalidad de los 3 moro mierdas que han abusado en tudela de una niña,Que sea moro no tiene nada que ver. Hay tantos violadores moros como en cualquier otro grupo.,3,3,3,3,155
157,obviamente @user no iba a desvelar la nacionalidad de los 3 moro mierdas que han abusado en tudela de una niña,Es muy triste que ocurra eso pero si te enfocas solo en su nacionalidad estas dejando ver que es lo unico que te importa.,3,3,3,3,155
158,los subsaharianos conocedores de que nuestro sistema de pensiones está en riesgo se organizan para asaltar nuestra frontera y hacerse cargo de nuestras jubilaciones no temáis sólo vienen con el ánimo de hacer viables nuestros servicios sociales https://t co/xlb1dhgd9w,Tampoco hay que ridiculizar al punto de vista opuesto. Seguro vienen buscando una mejor vida y ya.,3,3,3,3,150
159,los subsaharianos conocedores de que nuestro sistema de pensiones está en riesgo se organizan para asaltar nuestra frontera y hacerse cargo de nuestras jubilaciones no temáis sólo vienen con el ánimo de hacer viables nuestros servicios sociales https://t co/xlb1dhgd9w,"No es cierto que se organicen para ""robar"" nuestras jubilaciones. Nuestras jubilaciones no estan en riesgo por unos inmigrantes.",3,3,3,3,150
160,el pueblo exige mas atencion en cuanto al sistema alimentario y contra la especulacion de precios impuesto por los chinos turcos arabes y colombianos defendamos lo nuestro hagamos patria @user @user @user @user @user @user https://t co/26zwsii2vz,Quizás hacer patria si sea luchar contra las especulaciones pero si vas a insistir en que es culpa de otro país nunca hallaras a los responsables.,3,3,3,3,146
161,el pueblo exige mas atencion en cuanto al sistema alimentario y contra la especulacion de precios impuesto por los chinos turcos arabes y colombianos defendamos lo nuestro hagamos patria @user @user @user @user @user @user https://t co/26zwsii2vz,"La existencia de empresarios especuladores y su nacionalidad no tienen nada que ver. No es como que los países ""impongan"" algo así.",3,3,3,3,146
162,el pueblo exige mas atencion en cuanto al sistema alimentario y contra la especulacion de precios impuesto por los chinos turcos arabes y colombianos defendamos lo nuestro hagamos patria @user @user @user @user @user @user https://t co/26zwsii2vz,El pueblo a veces se equivoca y se las agarra con quienes no tienen la culpa de nada.,3,3,3,3,146
163,como son españoles nada sin fueran refugiados gloria hashtag migrates hashtag refugiados hashtag españaloprimero https://t co/jkc8iys32c,No es cierto. Se puede atender a unos sin descuidar a otros.,3,3,3,3,101
164,como son españoles nada sin fueran refugiados gloria hashtag migrates hashtag refugiados hashtag españaloprimero https://t co/jkc8iys32c,"Si con ""gloria"" te refieres a ""atención basica"" pues sí. No seas tan dramático.",3,3,3,3,101
165,@user @user @user con q vengan muchos ya sobra aquí hay demasiados d todos subsaharianos en las calles tirados manteros perjudicando comercios legales y vendiendo copias marroquíes donde trabaja el y viven la mujer 4 niños y 4 abuelos en ciudades y pueblos estamos llenos a su casa,Dices que están llenos porque en realidad no quieres que haya ninguno. ¿O acaso dejarías que se queden los que ya están aquí? Solo estas siendo racista.,3,3,3,3,40
166,@user @user @user con q vengan muchos ya sobra aquí hay demasiados d todos subsaharianos en las calles tirados manteros perjudicando comercios legales y vendiendo copias marroquíes donde trabaja el y viven la mujer 4 niños y 4 abuelos en ciudades y pueblos estamos llenos a su casa,"No es cierto que anden ""tirados vendiendo copias"". Además ser vendedor ambulante es un empleo tan digno como cualquier otro.",3,3,3,3,40
167,@user @user @user con q vengan muchos ya sobra aquí hay demasiados d todos subsaharianos en las calles tirados manteros perjudicando comercios legales y vendiendo copias marroquíes donde trabaja el y viven la mujer 4 niños y 4 abuelos en ciudades y pueblos estamos llenos a su casa,No es cierto que seamos demasiados como tampoco es verdad lo que dices de ellos.,3,3,3,3,40
168,y en toda europa se estan matando y violando a millones y millones de blancos pero eso ni lo mencionas tampoco mencionas que esos negros y arabes causan problemas https://t co/jmxzmny6qw,Es dificil mencionar algo tan delirante como eso cuando se intenta ser objetivo. Es normal que no se mencione.,3,3,3,3,130
169,y en toda europa se estan matando y violando a millones y millones de blancos pero eso ni lo mencionas tampoco mencionas que esos negros y arabes causan problemas https://t co/jmxzmny6qw,Dices que los árabes y negros causan problemas pero no es cierto. Como en todos lados algunos quizá delinquen muchos otros trabajan y aportan.,3,3,3,3,130
170,y en toda europa se estan matando y violando a millones y millones de blancos pero eso ni lo mencionas tampoco mencionas que esos negros y arabes causan problemas https://t co/jmxzmny6qw,Lo dices como si Europa estuviera en guerra. ¿Hay delito? Sí. ¿Genocidio? Estas siendo paranoico.,3,3,3,3,130
