tweet,cn,offensive,stance,informativeness,felicity,tweet_id
como son españoles nada sin fueran refugiados gloria hashtag migrates hashtag refugiados hashtag españaloprimero https://t co/jkc8iys32c, agresión mantero sbcnpdv Soy partidario de ayudar a la gente sin papeles pero están aprovechando de nuestra solidaridad lo que faltaba por ver agredir a turistas y policias la nica manera que nos obligan hacer es mantero sin Papeles manero a su pas. No hay que deportar a nadie.,1,1,0,3,101
llegan 900 venezolanos por día al perú cuantos más tendrán que venir para que ya se ponga coto y fin a esta invasión ? qué ya no es una inmigración a las autoridades peruanas no les da ni la tos por este tema solo reaccionarán cuando esto se desborde," Genera una respuesta sin odio a los siguientes mensajes: agresión mantero sbcnpdv soy partidario de ayudar a la gente sin papeles pero se están aprovechando de nuestra solidarity lo que faltaba por ver acoger a miles de indocumentados sin que aporten nada https://t co/lehbkpesjsan => ing que en un pas estén tomando apostura antiinmigración no significa que acoperlos ser un error, ni que los demás pases estén de acuerdo con ello. i llegan 900 venezolanos por da al pas cuántos más tendrán que venir para que ya se pona coto y fin a esta invasion? qué ahora no es una inmigracion a las autoridades peruanas no les da ni la tos por este tema sólo reaccionarán cuando esto se desborde | Colectivo:",2,2,0,1,86
el pueblo exige mas atencion en cuanto al sistema alimentario y contra la especulacion de precios impuesto por los chinos turcos arabes y colombianos defendamos lo nuestro hagamos patria @user @user @user @user @user @user https://t co/26zwsii2vz," el pueblo exige más atención en cuanto a sistema alimentario y contra la especulacion de precios impuesto por los chinos turcos, arabes y colombianos, defendamos lo nuestro hagamos patria @user@user @user @user &lt;b&gt;",1,1,0,2,146
la inmigraciòn de africa y países árebes es una estrategia para entrar a europa y atacarla desde dentro como hace mil años hicieron los barbaros para destruir el imperio romano el islan ataca una europa lacsa en leyes y desunida marina lepen tiene razón nada d inmigrantes https://t co/nzduyei7x5, the inmigration of africa and árebes countries is a strategy to enter Europe and atacar it from within as many millennia hicieron barbaros to destroy the roman empire el islan ataca a europa lacsa in laws and desunida marina lepen tiene ninguna razón nada de inmigrante,1,1,0,1,104
hashtag impromilf yaz cultura árabe = cultura machista te lo digo xq me ha pasado lo mismo @user @user descendencia árabe siguen inculcando el machismo, user @user descendencia arabe siguen inculcando el machismo | Colectivo: arabe - arabe | Propiedad: arabe | Justification: te lo digo xq me ha pasado lo mismo @user,1,1,0,2,158
@user @user @user con q vengan muchos ya sobra aquí hay demasiados d todos subsaharianos en las calles tirados manteros perjudicando comercios legales y vendiendo copias marroquíes donde trabaja el y viven la mujer 4 niños y 4 abuelos en ciudades y pueblos estamos llenos a su casa, vengan muchos ya sobre aqu hay demasiados de todos subsaharianos en las calles tirados manteros perjudicando comercios legales y vendiendo copias marroques donde trabaja el y viven la mujer 4 children and 4 abuelos en ciudades,1,1,0,2,40
obviamente @user no iba a desvelar la nacionalidad de los 3 moro mierdas que han abusado en tudela de una niña, @user no iba a desechar la nacionalidad de los 3 moro errados que han abusado en ciencia de una nia,1,1,0,2,155
""" mientras los manteros atacan a turistas y hay reyertas en el raval ada colau ha visitado el pueblo italiano de riace repoblado dando casas a inmigrantes y refugiados un """"ejemplo de acogida integración y lucha contra la xenofobia"""" pues que se quede allí indefinidamente """," ada colau ha visitado el pueblo italiano de riace repoblado dando casas a inmigrantes y refugiados un """"ejemplo de acogida integración y lucha contra la xenofobia""""",2,1,0,2,35
80 000 menores han entrado en españa solos desde marruecos luego llegará la reunificación familiar padres hermanos primos abuelos etc ¿para que los envía marruecos ? ¿alguien pide explicaciones a las autoridades marroquís? ¿son inmigrantes o enviados para invadir españa ? https://t co/ii7nkh5xii, They are immigrants or enviados to invade espaa,1,1,0,1,118
los subsaharianos conocedores de que nuestro sistema de pensiones está en riesgo se organizan para asaltar nuestra frontera y hacerse cargo de nuestras jubilaciones no temáis sólo vienen con el ánimo de hacer viables nuestros servicios sociales https://t co/xlb1dhgd9w, Colectivo: subsaharianos |,2,2,0,1,150
como son españoles nada sin fueran refugiados gloria hashtag migrates hashtag refugiados hashtag españaloprimero https://t co/jkc8iys32c, gloria hashtag migrates hashtag refugiados hashtag espaaloprimero,2,2,0,1,101
llegan 900 venezolanos por día al perú cuantos más tendrán que venir para que ya se ponga coto y fin a esta invasión ? qué ya no es una inmigración a las autoridades peruanas no les da ni la tos por este tema solo reaccionarán cuando esto se desborde, ira a las autoridades peruanas que no le da ni la todos por este tema sólo reaccionarán cuando esto se desborde,2,2,0,1,86
el pueblo exige mas atencion en cuanto al sistema alimentario y contra la especulacion de precios impuesto por los chinos turcos arabes y colombianos defendamos lo nuestro hagamos patria @user @user @user @user @user @user https://t co/26zwsii2vz," el pueblo exige más atención en cuanto a sistema alimentario y contra la especulacion de precios impuesto por los chinos turcos, arabes y colombianos defenderamos lo nuestro hagamos patria @user @user &lt;b&gt;",1,1,0,2,146
la inmigraciòn de africa y países árebes es una estrategia para entrar a europa y atacarla desde dentro como hace mil años hicieron los barbaros para destruir el imperio romano el islan ataca una europa lacsa en leyes y desunida marina lepen tiene razón nada d inmigrantes https://t co/nzduyei7x5, the inmigration of africa and árebes countries is a strategy to enter Europe and atacar it from within as many millennia hicieron barbaros to destroy the roman empire el islan ataca a europa lacsa in laws and desunida marina lepen tiene ninguna razón nada de inmigrante,1,1,0,1,104
hashtag impromilf yaz cultura árabe = cultura machista te lo digo xq me ha pasado lo mismo @user @user descendencia árabe siguen inculcando el machismo, @user @user descendencia arabe siguen inculcando el machismo =>,1,1,0,2,158
@user @user @user con q vengan muchos ya sobra aquí hay demasiados d todos subsaharianos en las calles tirados manteros perjudicando comercios legales y vendiendo copias marroquíes donde trabaja el y viven la mujer 4 niños y 4 abuelos en ciudades y pueblos estamos llenos a su casa, vengan muchos ya sobre aqu hay demasiados de todos subsaharianos en las calles tirados manteros perjudicando comercios legales y vendiendo copias marroques donde trabaja el y viven la mujer 4 children and 4 abuelos en ciudades,1,1,0,2,40
obviamente @user no iba a desvelar la nacionalidad de los 3 moro mierdas que han abusado en tudela de una niña, @user obviamente @user no iba a desear la nacionalidad de los 3 moro pedidos que han abusado en términa de una nia =>,1,1,0,2,155
""" mientras los manteros atacan a turistas y hay reyertas en el raval ada colau ha visitado el pueblo italiano de riace repoblado dando casas a inmigrantes y refugiados un """"ejemplo de acogida integración y lucha contra la xenofobia"""" pues que se quede allí indefinidamente """," ada colau ha visitado el pueblo italiano de riace repoblado dando casas a inmigrantes y refugiados un """"ejemplo de acogida integración y lucha contra la xenofobia""""",2,2,0,2,35
80 000 menores han entrado en españa solos desde marruecos luego llegará la reunificación familiar padres hermanos primos abuelos etc ¿para que los envía marruecos ? ¿alguien pide explicaciones a las autoridades marroquís? ¿son inmigrantes o enviados para invadir españa ? https://t co/ii7nkh5xii, They are immigrants or enviados to invade espaa,1,1,0,1,118
los subsaharianos conocedores de que nuestro sistema de pensiones está en riesgo se organizan para asaltar nuestra frontera y hacerse cargo de nuestras jubilaciones no temáis sólo vienen con el ánimo de hacer viables nuestros servicios sociales https://t co/xlb1dhgd9w, The subsaharianos who know that our pension system is in danger of being organised to attack our frontiers and to carry out our jubilees are not only coming with the aim of making our social services viable.,1,1,0,1,150
como son españoles nada sin fueran refugiados gloria hashtag migrates hashtag refugiados hashtag españaloprimero https://t co/jkc8iys32c, sbcnpdv soy partidario de ayudar a la gente sin papeles pero están aprovechando de nuestra solidaridad lo que faltaba por ver agredir turistas y policias la nica manera que nos obligan hacer es mantero sin papel a su pas,1,1,0,3,101
llegan 900 venezolanos por día al perú cuantos más tendrán que venir para que ya se ponga coto y fin a esta invasión ? qué ya no es una inmigración a las autoridades peruanas no les da ni la tos por este tema solo reaccionarán cuando esto se desborde," Genera una respuesta sin odio a los siguientes mensajes: agresión mantero sbcnpdv soy partidario de ayudar a la gente sin papeles pero se están aprovechando de nuestra solidarity lo que faltaba por ver acoger a miles de indocumentados sin que aporten nada https://t co/lehbkpesjsan => ing que en un pas estén tomando apostura antiinmigración no significa que acoperlos ser un error, ni que los demás pases estén de acuerdo con ello. i llegan 900 venezolanos por da al pas cuántos más tendrán que venir para que ya se pona coto y fin a esta invasion? qué ahora no es una inmigracion a las autoridades peruanas no les da ni la tos por este tema sólo reaccionarán cuando esto se desborde | Colectivo:",2,2,0,2,86
el pueblo exige mas atencion en cuanto al sistema alimentario y contra la especulacion de precios impuesto por los chinos turcos arabes y colombianos defendamos lo nuestro hagamos patria @user @user @user @user @user @user https://t co/26zwsii2vz," el pueblo exige más atención en cuanto a sistema alimentario y contra la especulacion de precios impuesto por los chinos turcos, arabes y colombianos, defendamos lo nuestro hagamos patria @user@user @user @user &lt;b&gt;",1,1,0,2,146
la inmigraciòn de africa y países árebes es una estrategia para entrar a europa y atacarla desde dentro como hace mil años hicieron los barbaros para destruir el imperio romano el islan ataca una europa lacsa en leyes y desunida marina lepen tiene razón nada d inmigrantes https://t co/nzduyei7x5, the inmigration of africa and árebes countries is a strategy to enter Europe and atacar it from within as many millennia hicieron barbaros to destroy the roman empire el islan ataca a europa lacsa in laws and desunida marina lepen tiene ninguna razón nada de inmigrante,1,1,0,1,104
hashtag impromilf yaz cultura árabe = cultura machista te lo digo xq me ha pasado lo mismo @user @user descendencia árabe siguen inculcando el machismo, Arabic culture = machista te lo digo xq me ha pasado lo mismo @user @user descendencia arabe siguen inculcando el machismo | Colectivo: arabe - arabe | Propiedad: arabe,1,1,0,2,158
@user @user @user con q vengan muchos ya sobra aquí hay demasiados d todos subsaharianos en las calles tirados manteros perjudicando comercios legales y vendiendo copias marroquíes donde trabaja el y viven la mujer 4 niños y 4 abuelos en ciudades y pueblos estamos llenos a su casa, vengan muchos ya sobre aqu hay demasiados de todos subsaharianos en las calles tirados manteros perjudicando comercios legales y vendiendo copias marroques donde trabaja el y viven la mujer 4 children and 4 abuelos en ciudades,1,1,0,2,40
obviamente @user no iba a desvelar la nacionalidad de los 3 moro mierdas que han abusado en tudela de una niña, @user no iba a desechar la nacionalidad de los 3 abusos que han abusado en ciencia de una nia,1,1,0,1,155
""" mientras los manteros atacan a turistas y hay reyertas en el raval ada colau ha visitado el pueblo italiano de riace repoblado dando casas a inmigrantes y refugiados un """"ejemplo de acogida integración y lucha contra la xenofobia"""" pues que se quede allí indefinidamente """," ada colau ha visitado el pueblo italiano de riace repoblado dando casas a inmigrantes y refugiados un """"ejemplo de acogida integración y lucha contra la xenofobia""""",1,1,0,2,35
80 000 menores han entrado en españa solos desde marruecos luego llegará la reunificación familiar padres hermanos primos abuelos etc ¿para que los envía marruecos ? ¿alguien pide explicaciones a las autoridades marroquís? ¿son inmigrantes o enviados para invadir españa ? https://t co/ii7nkh5xii, They are immigrants or enviados to invade espaa,1,1,0,1,118
los subsaharianos conocedores de que nuestro sistema de pensiones está en riesgo se organizan para asaltar nuestra frontera y hacerse cargo de nuestras jubilaciones no temáis sólo vienen con el ánimo de hacer viables nuestros servicios sociales https://t co/xlb1dhgd9w, Colectivo: subsaharianos |,2,2,0,2,150
como son españoles nada sin fueran refugiados gloria hashtag migrates hashtag refugiados hashtag españaloprimero https://t co/jkc8iys32c, agresión mantero sbcnpdv Soy partidario de ayudar a la gente sin papeles pero están aprovechando de nuestra solidaridad lo que faltaba por ver agredir turistas y policias la nica manera que nos obligan hacer es mantero sin papel mantero to su pas. No hay que deportar a nadie.,1,1,0,3,101
llegan 900 venezolanos por día al perú cuantos más tendrán que venir para que ya se ponga coto y fin a esta invasión ? qué ya no es una inmigración a las autoridades peruanas no les da ni la tos por este tema solo reaccionarán cuando esto se desborde, 900 venezolanos por day al per cuántos más tendrán que venir para que ya se pona coto y fin a esta invasion?,1,1,0,2,86
el pueblo exige mas atencion en cuanto al sistema alimentario y contra la especulacion de precios impuesto por los chinos turcos arabes y colombianos defendamos lo nuestro hagamos patria @user @user @user @user @user @user https://t co/26zwsii2vz," el sistema alimentario y contra la especulacion de precios impuesto por los chinos turcos, arabes y colombianos defendamos lo nuestro hagamos patria @user@user @user @user &lt;b&gt;",1,1,0,2,146
la inmigraciòn de africa y países árebes es una estrategia para entrar a europa y atacarla desde dentro como hace mil años hicieron los barbaros para destruir el imperio romano el islan ataca una europa lacsa en leyes y desunida marina lepen tiene razón nada d inmigrantes https://t co/nzduyei7x5, the inmigration of africa and árebes countries is a strategy to enter Europe and atacar it from within as many millennia hicieron barbaros to destroy the roman empire el islan ataca a europa lacsa in laws and desunida marina lepen tiene ninguna razón nada de inmigrante,1,1,0,1,104
hashtag impromilf yaz cultura árabe = cultura machista te lo digo xq me ha pasado lo mismo @user @user descendencia árabe siguen inculcando el machismo, | Justification: te lo digo xq me ha pasado lo mismo @user @user descendencia arabe siguen inculcando el machismo,1,1,0,2,158
@user @user @user con q vengan muchos ya sobra aquí hay demasiados d todos subsaharianos en las calles tirados manteros perjudicando comercios legales y vendiendo copias marroquíes donde trabaja el y viven la mujer 4 niños y 4 abuelos en ciudades y pueblos estamos llenos a su casa, vengan muchos ya sobre aqu hay demasiados de todos subsaharianos en las calles tirados manteros perjudicando comercios legales y vendiendo copias marroques donde trabaja el y viven la mujer 4 children and 4 abuelos en ciudades,1,1,0,2,40
obviamente @user no iba a desvelar la nacionalidad de los 3 moro mierdas que han abusado en tudela de una niña, 3 moro mierdas que han abusado en ciencia de una nia,1,1,0,2,155
""" mientras los manteros atacan a turistas y hay reyertas en el raval ada colau ha visitado el pueblo italiano de riace repoblado dando casas a inmigrantes y refugiados un """"ejemplo de acogida integración y lucha contra la xenofobia"""" pues que se quede allí indefinidamente """," ada colau ha visitado el pueblo italiano de riace repoblado dando casas a inmigrantes y refugiados un """"ejemplo de acogida integración y lucha contra la xenofobia""""",1,1,0,2,35
80 000 menores han entrado en españa solos desde marruecos luego llegará la reunificación familiar padres hermanos primos abuelos etc ¿para que los envía marruecos ? ¿alguien pide explicaciones a las autoridades marroquís? ¿son inmigrantes o enviados para invadir españa ? https://t co/ii7nkh5xii, They are immigrants or enviados to invade espaa,1,1,0,1,118
los subsaharianos conocedores de que nuestro sistema de pensiones está en riesgo se organizan para asaltar nuestra frontera y hacerse cargo de nuestras jubilaciones no temáis sólo vienen con el ánimo de hacer viables nuestros servicios sociales https://t co/xlb1dhgd9w, Conozco a los subsaharianos conocidos de que nuestro sistema de pensiones está en riesgo se organizan para asaltar nuestra frontera y hacer cargo de nuestras jubilaciones no sólo vienen con el ánimo de hacer viables nuestros servicios sociales.,1,1,0,2,150
como son españoles nada sin fueran refugiados gloria hashtag migrates hashtag refugiados hashtag españaloprimero https://t co/jkc8iys32c,.,2,2,0,1,101
llegan 900 venezolanos por día al perú cuantos más tendrán que venir para que ya se ponga coto y fin a esta invasión ? qué ya no es una inmigración a las autoridades peruanas no les da ni la tos por este tema solo reaccionarán cuando esto se desborde, llegan 900 venezolanos por da al per cuantos más tendrán que venir para que ya se ponga coto y fin a esta invasión? qué ya no es una inmigración a las autoridades peruanas no les da ni la tos por este tema solo reaccionarán cuando esto se desborde,1,1,0,2,86
el pueblo exige mas atencion en cuanto al sistema alimentario y contra la especulacion de precios impuesto por los chinos turcos arabes y colombianos defendamos lo nuestro hagamos patria @user @user @user @user @user @user https://t co/26zwsii2vz, chinos turcos arabes y colombianos defendamos lo nuestro hagamos patria,1,1,0,2,146
la inmigraciòn de africa y países árebes es una estrategia para entrar a europa y atacarla desde dentro como hace mil años hicieron los barbaros para destruir el imperio romano el islan ataca una europa lacsa en leyes y desunida marina lepen tiene razón nada d inmigrantes https://t co/nzduyei7x5, es una estrategia para entrar a europa y atacarla desde dentro como hace mil aos hicieron los barbaros para destruir el imperio romano el islan ataca una europa lacsa en leyes y desunida marina lepen tiene razón nada,1,1,0,2,104
hashtag impromilf yaz cultura árabe = cultura machista te lo digo xq me ha pasado lo mismo @user @user descendencia árabe siguen inculcando el machismo, user descendencia árabe siguen inculcando el machismo,1,1,0,2,158
@user @user @user con q vengan muchos ya sobra aquí hay demasiados d todos subsaharianos en las calles tirados manteros perjudicando comercios legales y vendiendo copias marroquíes donde trabaja el y viven la mujer 4 niños y 4 abuelos en ciudades y pueblos estamos llenos a su casa, aqu hay demasiados d todos subsaharianos en las calles tirados manteros perjudicando comercios legales y vendiendo copias marroques donde trabaja el y viven la mujer 4 nios y 4 abuelos en ciudades,1,1,0,2,40
obviamente @user no iba a desvelar la nacionalidad de los 3 moro mierdas que han abusado en tudela de una niña, obviamente @user no iba a desvelar la nacionalidad de los 3 moro mierdas que han abusado en tudela de una nia,1,1,0,2,155
""" mientras los manteros atacan a turistas y hay reyertas en el raval ada colau ha visitado el pueblo italiano de riace repoblado dando casas a inmigrantes y refugiados un """"ejemplo de acogida integración y lucha contra la xenofobia"""" pues que se quede allí indefinidamente """," el pueblo italiano de riace repoblado dando casas a inmigrantes y refugiados un """"ejemplo de acogida integración y lucha contra la xenofobia""""",2,2,0,2,35
80 000 menores han entrado en españa solos desde marruecos luego llegará la reunificación familiar padres hermanos primos abuelos etc ¿para que los envía marruecos ? ¿alguien pide explicaciones a las autoridades marroquís? ¿son inmigrantes o enviados para invadir españa ? https://t co/ii7nkh5xii,? son inmigrantes o enviados para invadir espa,1,1,0,2,118
los subsaharianos conocedores de que nuestro sistema de pensiones está en riesgo se organizan para asaltar nuestra frontera y hacerse cargo de nuestras jubilaciones no temáis sólo vienen con el ánimo de hacer viables nuestros servicios sociales https://t co/xlb1dhgd9w, Genera una respuesta sin odio,3,2,0,2,150
como son españoles nada sin fueran refugiados gloria hashtag migrates hashtag refugiados hashtag españaloprimero https://t co/jkc8iys32c, ” Por qué es tan difcil agredir a turistas y policas? Nos obligamos a mantero sin papeles mantero a su pas?,1,1,0,1,101
llegan 900 venezolanos por día al perú cuantos más tendrán que venir para que ya se ponga coto y fin a esta invasión ? qué ya no es una inmigración a las autoridades peruanas no les da ni la tos por este tema solo reaccionarán cuando esto se desborde, ” No hay que ser tan drástico. No es necesario. ”,3,3,1,3,86
el pueblo exige mas atencion en cuanto al sistema alimentario y contra la especulacion de precios impuesto por los chinos turcos arabes y colombianos defendamos lo nuestro hagamos patria @user @user @user @user @user @user https://t co/26zwsii2vz,.,2,2,0,1,146
la inmigraciòn de africa y países árebes es una estrategia para entrar a europa y atacarla desde dentro como hace mil años hicieron los barbaros para destruir el imperio romano el islan ataca una europa lacsa en leyes y desunida marina lepen tiene razón nada d inmigrantes https://t co/nzduyei7x5, es una estrategia para entrar a europa y atacarla desde dentro como hace mil aos hicieron los barbaros para destruir el imperio romano el islan ataca una europa lacsa en leyes y desunida marina lepen tiene razón nada,1,1,0,2,104
hashtag impromilf yaz cultura árabe = cultura machista te lo digo xq me ha pasado lo mismo @user @user descendencia árabe siguen inculcando el machismo, ”Yaz cultura árabe = cultura machista te lo digo xq me ha pasado lo mismo”,1,1,0,2,158
@user @user @user con q vengan muchos ya sobra aquí hay demasiados d todos subsaharianos en las calles tirados manteros perjudicando comercios legales y vendiendo copias marroquíes donde trabaja el y viven la mujer 4 niños y 4 abuelos en ciudades y pueblos estamos llenos a su casa, aqu hay demasiados d todos subsaharianos en las calles tirados manteros perjudicando comercios legales y vendiendo copias marroques donde trabaja el y viven la mujer 4 nios y 4 abuelos en ciudades,1,1,0,2,40
obviamente @user no iba a desvelar la nacionalidad de los 3 moro mierdas que han abusado en tudela de una niña, ”Obviamente @user no iba a desvelar la nacionalidad de los 3 moro mierdas que han abusado en tudela de una nia”,1,1,0,2,155
""" mientras los manteros atacan a turistas y hay reyertas en el raval ada colau ha visitado el pueblo italiano de riace repoblado dando casas a inmigrantes y refugiados un """"ejemplo de acogida integración y lucha contra la xenofobia"""" pues que se quede allí indefinidamente """," el pueblo italiano de riace repoblado dando casas a inmigrantes y refugiados un """"ejemplo de acogida integración y lucha contra la xenofobia""""",2,2,0,2,35
80 000 menores han entrado en españa solos desde marruecos luego llegará la reunificación familiar padres hermanos primos abuelos etc ¿para que los envía marruecos ? ¿alguien pide explicaciones a las autoridades marroquís? ¿son inmigrantes o enviados para invadir españa ? https://t co/ii7nkh5xii,? son inmigrantes o enviados para invadir espa,1,1,0,2,118
los subsaharianos conocedores de que nuestro sistema de pensiones está en riesgo se organizan para asaltar nuestra frontera y hacerse cargo de nuestras jubilaciones no temáis sólo vienen con el ánimo de hacer viables nuestros servicios sociales https://t co/xlb1dhgd9w, ”No temáis sólo vienen con el ánimo de hacer viables nuestros servicios sociales.,1,1,0,2,150
como son españoles nada sin fueran refugiados gloria hashtag migrates hashtag refugiados hashtag españaloprimero https://t co/jkc8iys32c, agresión mantero sbcnpdv soy partidario de ayudar a la gente sin papeles pero se están aprovechando de nuestra solidaridad lo que faltaba por ver agredir a turistas y policias la nica manera que nos obligan hacer es mantero sin papales mantero to su pas,1,1,0,2,101
llegan 900 venezolanos por día al perú cuantos más tendrán que venir para que ya se ponga coto y fin a esta invasión ? qué ya no es una inmigración a las autoridades peruanas no les da ni la tos por este tema solo reaccionarán cuando esto se desborde, llegan 900 venezolanos por da al per cuantos más tendrán que venir para que ya se ponga coto y fin a esta invasión? qué ya no es una inmigración a las autoridades peruanas no les da ni la tos por este tema solo reaccionarán cuando esto se desborde,1,1,0,2,86
el pueblo exige mas atencion en cuanto al sistema alimentario y contra la especulacion de precios impuesto por los chinos turcos arabes y colombianos defendamos lo nuestro hagamos patria @user @user @user @user @user @user https://t co/26zwsii2vz, chinos turcos arabes y colombianos defendamos lo nuestro hagamos patria,1,1,0,2,146
la inmigraciòn de africa y países árebes es una estrategia para entrar a europa y atacarla desde dentro como hace mil años hicieron los barbaros para destruir el imperio romano el islan ataca una europa lacsa en leyes y desunida marina lepen tiene razón nada d inmigrantes https://t co/nzduyei7x5, es una estrategia para entrar a europa y atacarla desde dentro como hace mil aos hicieron los barbaros para destruir el imperio romano el islan ataca una europa lacsa en leyes y desunida marina lepen tiene razón nada,1,1,0,2,104
hashtag impromilf yaz cultura árabe = cultura machista te lo digo xq me ha pasado lo mismo @user @user descendencia árabe siguen inculcando el machismo, te lo digo xq me ha pasado lo mismo,1,1,0,2,158
@user @user @user con q vengan muchos ya sobra aquí hay demasiados d todos subsaharianos en las calles tirados manteros perjudicando comercios legales y vendiendo copias marroquíes donde trabaja el y viven la mujer 4 niños y 4 abuelos en ciudades y pueblos estamos llenos a su casa, aqu hay demasiados d todos subsaharianos en las calles tirados manteros perjudicando comercios legales y vendiendo copias marroques donde trabaja el y viven la mujer 4 nios y 4 abuelos en ciudades,1,1,0,2,40
obviamente @user no iba a desvelar la nacionalidad de los 3 moro mierdas que han abusado en tudela de una niña, ”Obviamente @user no iba a desvelar la nacionalidad de los 3 moro mierdas que han abusado en tudela de una nia”,1,1,0,2,155
""" mientras los manteros atacan a turistas y hay reyertas en el raval ada colau ha visitado el pueblo italiano de riace repoblado dando casas a inmigrantes y refugiados un """"ejemplo de acogida integración y lucha contra la xenofobia"""" pues que se quede allí indefinidamente """," el pueblo italiano de riace repoblado dando casas a inmigrantes y refugiados un """"ejemplo de acogida integración y lucha contra la xenofobia""""",1,1,0,2,35
80 000 menores han entrado en españa solos desde marruecos luego llegará la reunificación familiar padres hermanos primos abuelos etc ¿para que los envía marruecos ? ¿alguien pide explicaciones a las autoridades marroquís? ¿son inmigrantes o enviados para invadir españa ? https://t co/ii7nkh5xii,? son inmigrantes o enviados para invadir espa,1,1,0,2,118
los subsaharianos conocedores de que nuestro sistema de pensiones está en riesgo se organizan para asaltar nuestra frontera y hacerse cargo de nuestras jubilaciones no temáis sólo vienen con el ánimo de hacer viables nuestros servicios sociales https://t co/xlb1dhgd9w, Genera una respuesta sin odio,2,2,0,3,150
como son españoles nada sin fueran refugiados gloria hashtag migrates hashtag refugiados hashtag españaloprimero https://t co/jkc8iys32c,.,3,2,0,1,101
llegan 900 venezolanos por día al perú cuantos más tendrán que venir para que ya se ponga coto y fin a esta invasión ? qué ya no es una inmigración a las autoridades peruanas no les da ni la tos por este tema solo reaccionarán cuando esto se desborde, llegan 900 venezolanos por da al per cuantos más tendrán que venir para que ya se ponga coto y fin a esta invasión? qué ya no es una inmigración a las autoridades peruanas no les da ni la tos por este tema solo reaccionarán cuando esto se desborde,1,1,0,2,86
el pueblo exige mas atencion en cuanto al sistema alimentario y contra la especulacion de precios impuesto por los chinos turcos arabes y colombianos defendamos lo nuestro hagamos patria @user @user @user @user @user @user https://t co/26zwsii2vz, cuanto al sistema alimentario y contra la especulacion de precios impuesto por los chinos turcos arabes y colombianos defendamos lo nuestro hagamos patria,1,1,0,2,146
la inmigraciòn de africa y países árebes es una estrategia para entrar a europa y atacarla desde dentro como hace mil años hicieron los barbaros para destruir el imperio romano el islan ataca una europa lacsa en leyes y desunida marina lepen tiene razón nada d inmigrantes https://t co/nzduyei7x5, es una estrategia para entrar a europa y atacarla desde dentro como hace mil aos hicieron los barbaros para destruir el imperio romano el islan ataca una europa lacsa en leyes y desunida marina lepen tiene razón nada,1,1,0,2,104
hashtag impromilf yaz cultura árabe = cultura machista te lo digo xq me ha pasado lo mismo @user @user descendencia árabe siguen inculcando el machismo, | Justificación: te lo digo xq me ha pasado lo mismo,1,1,0,2,158
@user @user @user con q vengan muchos ya sobra aquí hay demasiados d todos subsaharianos en las calles tirados manteros perjudicando comercios legales y vendiendo copias marroquíes donde trabaja el y viven la mujer 4 niños y 4 abuelos en ciudades y pueblos estamos llenos a su casa, aqu hay demasiados d todos subsaharianos en las calles tirados manteros perjudicando comercios legales y vendiendo copias marroques donde trabaja el y viven la mujer 4 nios y 4 abuelos en ciudades,1,1,0,2,40
obviamente @user no iba a desvelar la nacionalidad de los 3 moro mierdas que han abusado en tudela de una niña, los 3 moro mierdas que han abusado,1,1,0,2,155
""" mientras los manteros atacan a turistas y hay reyertas en el raval ada colau ha visitado el pueblo italiano de riace repoblado dando casas a inmigrantes y refugiados un """"ejemplo de acogida integración y lucha contra la xenofobia"""" pues que se quede allí indefinidamente """," el pueblo italiano de riace repoblado dando casas a inmigrantes y refugiados un """"ejemplo de acogida integración y lucha contra la xenofobia""""",2,2,0,2,35
80 000 menores han entrado en españa solos desde marruecos luego llegará la reunificación familiar padres hermanos primos abuelos etc ¿para que los envía marruecos ? ¿alguien pide explicaciones a las autoridades marroquís? ¿son inmigrantes o enviados para invadir españa ? https://t co/ii7nkh5xii,? son inmigrantes o enviados para invadir espa,1,1,0,2,118
los subsaharianos conocedores de que nuestro sistema de pensiones está en riesgo se organizan para asaltar nuestra frontera y hacerse cargo de nuestras jubilaciones no temáis sólo vienen con el ánimo de hacer viables nuestros servicios sociales https://t co/xlb1dhgd9w, Por qué es que los subsaharianos se encuentran en nuestro sistema de pensiones? Se organizan para asaltar nuestra frontera y hacerse cargo de nuestros jubilaciones no temáis sólo vienen con el ánimo de hacer viables nuestros servicios sociales,1,1,0,2,150
como son españoles nada sin fueran refugiados gloria hashtag migrates hashtag refugiados hashtag españaloprimero https://t co/jkc8iys32c, No es cierto que los espaoles son nada sin fueran refugiados gloria. ,3,3,2,2,101
llegan 900 venezolanos por día al perú cuantos más tendrán que venir para que ya se ponga coto y fin a esta invasión ? qué ya no es una inmigración a las autoridades peruanas no les da ni la tos por este tema solo reaccionarán cuando esto se desborde," No es una inmigración a las autoridades peruanas, sino una invasión en el pas. ",1,1,0,1,86
el pueblo exige mas atencion en cuanto al sistema alimentario y contra la especulacion de precios impuesto por los chinos turcos arabes y colombianos defendamos lo nuestro hagamos patria @user @user @user @user @user @user https://t co/26zwsii2vz," No es cierto que los chinos turcos, los arabes y los colombianos especulan precios impuestos. ",3,3,2,2,146
la inmigraciòn de africa y países árebes es una estrategia para entrar a europa y atacarla desde dentro como hace mil años hicieron los barbaros para destruir el imperio romano el islan ataca una europa lacsa en leyes y desunida marina lepen tiene razón nada d inmigrantes https://t co/nzduyei7x5, No es cierto que la inmigración de los pases árebes es una estrategia para entrar a Europa y atacarla desde hace mil aos. ,3,3,2,2,104
hashtag impromilf yaz cultura árabe = cultura machista te lo digo xq me ha pasado lo mismo @user @user descendencia árabe siguen inculcando el machismo, No es cierto que la cultura árabe es una cultura machista. ,3,3,2,3,158
@user @user @user con q vengan muchos ya sobra aquí hay demasiados d todos subsaharianos en las calles tirados manteros perjudicando comercios legales y vendiendo copias marroquíes donde trabaja el y viven la mujer 4 niños y 4 abuelos en ciudades y pueblos estamos llenos a su casa," No es cierto que todos los subsaharianos tienen problemas en el pas, pero eso no tiene nada de nada. ",3,3,3,1,40
obviamente @user no iba a desvelar la nacionalidad de los 3 moro mierdas que han abusado en tudela de una niña, No es cierto que la nacionalidad de los 3 moro mierdas abusado en el lugar de una nia. ,1,1,0,1,155
""" mientras los manteros atacan a turistas y hay reyertas en el raval ada colau ha visitado el pueblo italiano de riace repoblado dando casas a inmigrantes y refugiados un """"ejemplo de acogida integración y lucha contra la xenofobia"""" pues que se quede allí indefinidamente """," No es cierto que los manteros atacan a los turistas y hay reyertas en el raval adolescente, y eso no tiene nada que ver. ",3,3,2,2,35
80 000 menores han entrado en españa solos desde marruecos luego llegará la reunificación familiar padres hermanos primos abuelos etc ¿para que los envía marruecos ? ¿alguien pide explicaciones a las autoridades marroquís? ¿son inmigrantes o enviados para invadir españa ? https://t co/ii7nkh5xii, No es cierto que los inmigrantes o los enviados a invadir espaa. ,3,3,2,1,118
los subsaharianos conocedores de que nuestro sistema de pensiones está en riesgo se organizan para asaltar nuestra frontera y hacerse cargo de nuestras jubilaciones no temáis sólo vienen con el ánimo de hacer viables nuestros servicios sociales https://t co/xlb1dhgd9w, No es cierto que los subsaharianos se organizan para asaltar nuestra frontera y hacer cargo de nuestros jubilaciones. ,3,3,2,2,150
como son españoles nada sin fueran refugiados gloria hashtag migrates hashtag refugiados hashtag españaloprimero https://t co/jkc8iys32c, No es cierto que los espaoles son nada. ,3,3,2,3,101
llegan 900 venezolanos por día al perú cuantos más tendrán que venir para que ya se ponga coto y fin a esta invasión ? qué ya no es una inmigración a las autoridades peruanas no les da ni la tos por este tema solo reaccionarán cuando esto se desborde," No es cierto que los venezolanos sean inmigrantes, y eso no significa que los inmigrantes no les da ni todos. ",3,2,0,1,86
el pueblo exige mas atencion en cuanto al sistema alimentario y contra la especulacion de precios impuesto por los chinos turcos arabes y colombianos defendamos lo nuestro hagamos patria @user @user @user @user @user @user https://t co/26zwsii2vz," No es cierto que el pueblo exige mas atención en cuanto al sistema alimentario y contra la especulación de precios impuestos por los chinos turcos, a los arabes y a los colombianos. ",3,3,2,2,146
la inmigraciòn de africa y países árebes es una estrategia para entrar a europa y atacarla desde dentro como hace mil años hicieron los barbaros para destruir el imperio romano el islan ataca una europa lacsa en leyes y desunida marina lepen tiene razón nada d inmigrantes https://t co/nzduyei7x5, No es cierto que la inmigración de los pases árebes es una estrategia para entrar a Europa y atacarla. No tiene razón a los inmigrantes. ,3,3,2,2,104
hashtag impromilf yaz cultura árabe = cultura machista te lo digo xq me ha pasado lo mismo @user @user descendencia árabe siguen inculcando el machismo, No es cierto que la cultura árabe es una cultura machista. ,3,3,2,3,158
@user @user @user con q vengan muchos ya sobra aquí hay demasiados d todos subsaharianos en las calles tirados manteros perjudicando comercios legales y vendiendo copias marroquíes donde trabaja el y viven la mujer 4 niños y 4 abuelos en ciudades y pueblos estamos llenos a su casa, No es cierto que todos los subsaharianos hayan demasido aqu. Por qué? ,3,3,2,2,40
obviamente @user no iba a desvelar la nacionalidad de los 3 moro mierdas que han abusado en tudela de una niña, No es cierto que los nios han abusado en el lugar de la nacionalidad. ,2,2,0,1,155
""" mientras los manteros atacan a turistas y hay reyertas en el raval ada colau ha visitado el pueblo italiano de riace repoblado dando casas a inmigrantes y refugiados un """"ejemplo de acogida integración y lucha contra la xenofobia"""" pues que se quede allí indefinidamente """, No es cierto que los manteros atacan a turistas y hay reyertas en el raval adolescente. ,3,3,2,2,35
80 000 menores han entrado en españa solos desde marruecos luego llegará la reunificación familiar padres hermanos primos abuelos etc ¿para que los envía marruecos ? ¿alguien pide explicaciones a las autoridades marroquís? ¿son inmigrantes o enviados para invadir españa ? https://t co/ii7nkh5xii, No es cierto que los inmigrantes sean envadas para invadir espaa. ,3,3,2,3,118
los subsaharianos conocedores de que nuestro sistema de pensiones está en riesgo se organizan para asaltar nuestra frontera y hacerse cargo de nuestras jubilaciones no temáis sólo vienen con el ánimo de hacer viables nuestros servicios sociales https://t co/xlb1dhgd9w, No es cierto que los subsaharianos se organizan para asaltar nuestra frontera y hacer cargo de nuestros jubilaciones. ,3,3,2,2,150
como son españoles nada sin fueran refugiados gloria hashtag migrates hashtag refugiados hashtag españaloprimero https://t co/jkc8iys32c, No es cierto que son espaoles nada sin fueran refugiados gloria ,3,3,2,2,101
llegan 900 venezolanos por día al perú cuantos más tendrán que venir para que ya se ponga coto y fin a esta invasión ? qué ya no es una inmigración a las autoridades peruanas no les da ni la tos por este tema solo reaccionarán cuando esto se desborde," No es cierto que los venezolanos no son inmigrantes, y eso no tiene nada que reaccionar. ",2,2,0,1,86
el pueblo exige mas atencion en cuanto al sistema alimentario y contra la especulacion de precios impuesto por los chinos turcos arabes y colombianos defendamos lo nuestro hagamos patria @user @user @user @user @user @user https://t co/26zwsii2vz," No es cierto que los chinos turcos, a los arabes y a los colombianos especulan precios. ",3,3,2,2,146
la inmigraciòn de africa y países árebes es una estrategia para entrar a europa y atacarla desde dentro como hace mil años hicieron los barbaros para destruir el imperio romano el islan ataca una europa lacsa en leyes y desunida marina lepen tiene razón nada d inmigrantes https://t co/nzduyei7x5, No es cierto que la inmigración de los pases árebes es una estrategia para entrar a Europa y atacarla desde dentro como hace mil aos hicieron barbaros para destruir el imperio romano el islan. ,3,3,2,2,104
hashtag impromilf yaz cultura árabe = cultura machista te lo digo xq me ha pasado lo mismo @user @user descendencia árabe siguen inculcando el machismo, No es cierto que la cultura árabe es una cultura machista. Y qué? ,3,3,2,3,158
@user @user @user con q vengan muchos ya sobra aquí hay demasiados d todos subsaharianos en las calles tirados manteros perjudicando comercios legales y vendiendo copias marroquíes donde trabaja el y viven la mujer 4 niños y 4 abuelos en ciudades y pueblos estamos llenos a su casa, No es cierto que todos los subsaharianos son demasiados en las calles tirados manteros perjudicando las comercios legales y vendiendo copias marroques donde trabaja el y viven. ,3,3,2,2,40
obviamente @user no iba a desvelar la nacionalidad de los 3 moro mierdas que han abusado en tudela de una niña, No es cierto que la nacionalidad de los 3 abusos de nia tiene nada que descubrir. ,2,2,0,1,155
""" mientras los manteros atacan a turistas y hay reyertas en el raval ada colau ha visitado el pueblo italiano de riace repoblado dando casas a inmigrantes y refugiados un """"ejemplo de acogida integración y lucha contra la xenofobia"""" pues que se quede allí indefinidamente """," No es cierto que los manteros atacan a turistas, pero eso no es lo que es realmente necesario. ",2,2,0,1,35
80 000 menores han entrado en españa solos desde marruecos luego llegará la reunificación familiar padres hermanos primos abuelos etc ¿para que los envía marruecos ? ¿alguien pide explicaciones a las autoridades marroquís? ¿son inmigrantes o enviados para invadir españa ? https://t co/ii7nkh5xii, No es cierto que los inmigrantes son enviados para invadir espaa. ,3,3,2,3,118
los subsaharianos conocedores de que nuestro sistema de pensiones está en riesgo se organizan para asaltar nuestra frontera y hacerse cargo de nuestras jubilaciones no temáis sólo vienen con el ánimo de hacer viables nuestros servicios sociales https://t co/xlb1dhgd9w, No es cierto que los subsaharianos se organizan para asaltar nuestra frontera y hacer cargo de nuestros jubilaciones. ,3,3,2,3,150
como son españoles nada sin fueran refugiados gloria hashtag migrates hashtag refugiados hashtag españaloprimero https://t co/jkc8iys32c, No es cierto que los espaoles son nada sin fueran refugiados gloria. ,3,3,2,2,101
llegan 900 venezolanos por día al perú cuantos más tendrán que venir para que ya se ponga coto y fin a esta invasión ? qué ya no es una inmigración a las autoridades peruanas no les da ni la tos por este tema solo reaccionarán cuando esto se desborde," No es cierto que es un inmigrante a las autoridades peruanas, y eso no tiene ningn efecto. ",2,2,0,1,86
el pueblo exige mas atencion en cuanto al sistema alimentario y contra la especulacion de precios impuesto por los chinos turcos arabes y colombianos defendamos lo nuestro hagamos patria @user @user @user @user @user @user https://t co/26zwsii2vz," No es cierto que el pueblo exige mas atención en el sistema alimentario y contra la especulación de precios impuestos por los chinos turcos, a los arabes y a los colombianos. ",3,3,2,2,146
la inmigraciòn de africa y países árebes es una estrategia para entrar a europa y atacarla desde dentro como hace mil años hicieron los barbaros para destruir el imperio romano el islan ataca una europa lacsa en leyes y desunida marina lepen tiene razón nada d inmigrantes https://t co/nzduyei7x5," No es cierto que la inmigración de los pases árebes es una estrategia para entrar a Europa y atacarla, y eso no tiene razón a los inmigrantes. ",3,3,2,2,104
hashtag impromilf yaz cultura árabe = cultura machista te lo digo xq me ha pasado lo mismo @user @user descendencia árabe siguen inculcando el machismo, No es cierto que la cultura árabe es una cultura machista. ,3,3,2,3,158
@user @user @user con q vengan muchos ya sobra aquí hay demasiados d todos subsaharianos en las calles tirados manteros perjudicando comercios legales y vendiendo copias marroquíes donde trabaja el y viven la mujer 4 niños y 4 abuelos en ciudades y pueblos estamos llenos a su casa, No es cierto que todos los subsaharianos trabajan en el lugar en que tuvieran eso. ,2,2,0,1,40
obviamente @user no iba a desvelar la nacionalidad de los 3 moro mierdas que han abusado en tudela de una niña, No es cierto que los nios han abusado en el trabajo. ,2,2,0,1,155
""" mientras los manteros atacan a turistas y hay reyertas en el raval ada colau ha visitado el pueblo italiano de riace repoblado dando casas a inmigrantes y refugiados un """"ejemplo de acogida integración y lucha contra la xenofobia"""" pues que se quede allí indefinidamente """, No es cierto que los manteros atacan a turistas y hay reyertas en el raval ada colau. Por qué? ,2,3,2,1,35
80 000 menores han entrado en españa solos desde marruecos luego llegará la reunificación familiar padres hermanos primos abuelos etc ¿para que los envía marruecos ? ¿alguien pide explicaciones a las autoridades marroquís? ¿son inmigrantes o enviados para invadir españa ? https://t co/ii7nkh5xii, No es cierto que los inmigrantes o los envecos han entrado solos desde marruecos. Por qué? ,3,3,2,1,118
los subsaharianos conocedores de que nuestro sistema de pensiones está en riesgo se organizan para asaltar nuestra frontera y hacerse cargo de nuestras jubilaciones no temáis sólo vienen con el ánimo de hacer viables nuestros servicios sociales https://t co/xlb1dhgd9w, No es cierto que los subsaharianos se organizan para asaltar nuestra frontera y hacer cargo de nuestros jubilaciones. ,3,3,2,3,150
como son españoles nada sin fueran refugiados gloria hashtag migrates hashtag refugiados hashtag españaloprimero https://t co/jkc8iys32c, Y eso no significa que nadie tiene nada sin fueran refugiados gloria. ,3,3,2,2,101
llegan 900 venezolanos por día al perú cuantos más tendrán que venir para que ya se ponga coto y fin a esta invasión ? qué ya no es una inmigración a las autoridades peruanas no les da ni la tos por este tema solo reaccionarán cuando esto se desborde, Y qué es una inmigración a las autoridades perodosas? ,3,2,0,1,86
el pueblo exige mas atencion en cuanto al sistema alimentario y contra la especulacion de precios impuesto por los chinos turcos arabes y colombianos defendamos lo nuestro hagamos patria @user @user @user @user @user @user https://t co/26zwsii2vz," No creo que el pueblo exige más atención en el sistema alimentario y contra la especulación de precios impuestos por los chinos turcos, a los aguas y a los colombianos. No tiene nada. ",3,3,2,1,146
la inmigraciòn de africa y países árebes es una estrategia para entrar a europa y atacarla desde dentro como hace mil años hicieron los barbaros para destruir el imperio romano el islan ataca una europa lacsa en leyes y desunida marina lepen tiene razón nada d inmigrantes https://t co/nzduyei7x5," No creo que es una estrategia para entrar a Europa y atacarla, y eso no tiene razón nada a los inmigrantes. ",2,3,2,1,104
hashtag impromilf yaz cultura árabe = cultura machista te lo digo xq me ha pasado lo mismo @user @user descendencia árabe siguen inculcando el machismo," Y eso no significa que el machismo es una cultura arabe, y no es el mismo. ",3,2,0,1,158
y en toda europa se estan matando y violando a millones y millones de blancos pero eso ni lo mencionas tampoco mencionas que esos negros y arabes causan problemas https://t co/jmxzmny6qw, Y eso no significa que los nios y los arabes causan problemas. ,3,2,0,3,130
@user @user @user con q vengan muchos ya sobra aquí hay demasiados d todos subsaharianos en las calles tirados manteros perjudicando comercios legales y vendiendo copias marroquíes donde trabaja el y viven la mujer 4 niños y 4 abuelos en ciudades y pueblos estamos llenos a su casa, Y eso no es sencillo. Gracias a la gente que estas llenos a su casa. ,2,2,0,1,40
obviamente @user no iba a desvelar la nacionalidad de los 3 moro mierdas que han abusado en tudela de una niña, No tiene que descubrir la nacionalidad de los 3 nios que abusaban en el lugar de una persona. ,2,2,0,1,155
""" mientras los manteros atacan a turistas y hay reyertas en el raval ada colau ha visitado el pueblo italiano de riace repoblado dando casas a inmigrantes y refugiados un """"ejemplo de acogida integración y lucha contra la xenofobia"""" pues que se quede allí indefinidamente """," Y eso es una ejemplo de integración y lucha contra el xenofobia, y es como el pueblo es indefinido. ",2,2,0,2,35
80 000 menores han entrado en españa solos desde marruecos luego llegará la reunificación familiar padres hermanos primos abuelos etc ¿para que los envía marruecos ? ¿alguien pide explicaciones a las autoridades marroquís? ¿son inmigrantes o enviados para invadir españa ? https://t co/ii7nkh5xii, Por qué eso no es cierto en el pas? ,2,2,0,1,118
como son españoles nada sin fueran refugiados gloria hashtag migrates hashtag refugiados hashtag españaloprimero https://t co/jkc8iys32c, Y qué es el nmero de refugiados gloria? ,3,2,0,2,101
llegan 900 venezolanos por día al perú cuantos más tendrán que venir para que ya se ponga coto y fin a esta invasión ? qué ya no es una inmigración a las autoridades peruanas no les da ni la tos por este tema solo reaccionarán cuando esto se desborde, Porque eso no es una inmigración a las autoridades peruanas. No es tan sólo una inmigrancia. ,3,2,0,1,86
el pueblo exige mas atencion en cuanto al sistema alimentario y contra la especulacion de precios impuesto por los chinos turcos arabes y colombianos defendamos lo nuestro hagamos patria @user @user @user @user @user @user https://t co/26zwsii2vz," Y qué es el problema? No es que el pueblo exige mas atención acerca del sistema alimentario y contra la especulación de precios impuesto por los chinos turcos, a los aguas y a los colombianos? ",3,2,0,1,146
la inmigraciòn de africa y países árebes es una estrategia para entrar a europa y atacarla desde dentro como hace mil años hicieron los barbaros para destruir el imperio romano el islan ataca una europa lacsa en leyes y desunida marina lepen tiene razón nada d inmigrantes https://t co/nzduyei7x5," No tiene razón nada a los inmigrantes, y eso no es una estrategia para entrar a Europa. ",2,3,2,1,104
hashtag impromilf yaz cultura árabe = cultura machista te lo digo xq me ha pasado lo mismo @user @user descendencia árabe siguen inculcando el machismo," La cultura árabe es una cultura machista, no es cultura arabe. ",1,1,0,1,158
y en toda europa se estan matando y violando a millones y millones de blancos pero eso ni lo mencionas tampoco mencionas que esos negros y arabes causan problemas https://t co/jmxzmny6qw," Y eso no tiene problemas en el pas, y no hay problemas con el nio. ",2,2,0,1,130
@user @user @user con q vengan muchos ya sobra aquí hay demasiados d todos subsaharianos en las calles tirados manteros perjudicando comercios legales y vendiendo copias marroquíes donde trabaja el y viven la mujer 4 niños y 4 abuelos en ciudades y pueblos estamos llenos a su casa," Y eso no es cierto, y no tiene nada que llevar a su casa. No hay nada. ",2,2,0,1,40
obviamente @user no iba a desvelar la nacionalidad de los 3 moro mierdas que han abusado en tudela de una niña, No tiene nada que eso no es cierto. No es lo que tiene que descubrir. ,2,2,0,1,155
""" mientras los manteros atacan a turistas y hay reyertas en el raval ada colau ha visitado el pueblo italiano de riace repoblado dando casas a inmigrantes y refugiados un """"ejemplo de acogida integración y lucha contra la xenofobia"""" pues que se quede allí indefinidamente """, Y eso no es una ejemplo de integración y lucha contra el xenofobia. ,2,2,0,1,35
80 000 menores han entrado en españa solos desde marruecos luego llegará la reunificación familiar padres hermanos primos abuelos etc ¿para que los envía marruecos ? ¿alguien pide explicaciones a las autoridades marroquís? ¿son inmigrantes o enviados para invadir españa ? https://t co/ii7nkh5xii, Por qué entiendo a los nios en el pas? ,2,2,0,1,118
y en toda europa se estan matando y violando a millones y millones de blancos pero eso ni lo mencionas tampoco mencionas que esos negros y arabes causan problemas https://t co/jmxzmny6qw,"<extra_id_48> Y esos negros y esas nias causan problemas, pero no es cierto que los negros son violadores. No es necesario que los israelinos y los arabes tienen problemas.",1,1,0,1,130
la inmigraciòn de africa y países árebes es una estrategia para entrar a europa y atacarla desde dentro como hace mil años hicieron los barbaros para destruir el imperio romano el islan ataca una europa lacsa en leyes y desunida marina lepen tiene razón nada d inmigrantes https://t co/nzduyei7x5,"<extra_id_48> El imperio romano es el imperio europeo, y eso no es una razón para destruir la imperio romana, y no tiene nada en el mundo. No hay nada de inmigrantes, ni nada de nios. No tiene que encontrar esas razones. No puede destruicar la imperio Romano, no puede. <extra_id_69>",2,2,0,1,104
hashtag impromilf yaz cultura árabe = cultura machista te lo digo xq me ha pasado lo mismo @user @user descendencia árabe siguen inculcando el machismo,"<extra_id_75> Por qué eso es una cultura machista? No es el machismo. No sabes, esa es la cultura arabe. No tiene que inculcarse. No puedes inculcarse. <extra_id_32>",2,2,0,1,158
llegan 900 venezolanos por día al perú cuantos más tendrán que venir para que ya se ponga coto y fin a esta invasión ? qué ya no es una inmigración a las autoridades peruanas no les da ni la tos por este tema solo reaccionarán cuando esto se desborde,"<extra_id_57> Sólo es una inmigración a las autoridades peruanas? No es cierto que el inmigrante tiene que reaccionarse a la invasión? No, no es inmigrarse en esos casos. No hay inmigrantes en EE.UU., no hay inmigradores en otros pases, y no hay ninguna inmigranción a través de esas invasiones.",2,2,0,1,86
obviamente @user no iba a desvelar la nacionalidad de los 3 moro mierdas que han abusado en tudela de una niña,<extra_id_61> No es cierto que los 3 abusos de nias han abusado en el término de la escuela. No hay nada que eso es lo que tiene que abusar. <extra_id_32>,2,2,0,1,155
80 000 menores han entrado en españa solos desde marruecos luego llegará la reunificación familiar padres hermanos primos abuelos etc ¿para que los envía marruecos ? ¿alguien pide explicaciones a las autoridades marroquís? ¿son inmigrantes o enviados para invadir españa ? https://t co/ii7nkh5xii,"<extra_id_75> Por qué es cierto que los inmigrantes en el mundo tienen que encontrar esos nios? No, no hay inmigrantes, ni ni siquiera tienen nada?",2,2,0,1,118
los subsaharianos conocedores de que nuestro sistema de pensiones está en riesgo se organizan para asaltar nuestra frontera y hacerse cargo de nuestras jubilaciones no temáis sólo vienen con el ánimo de hacer viables nuestros servicios sociales https://t co/xlb1dhgd9w,"<extra_id_61> No es cierto que los subsaharianos tienen que ajustarse a nuestros jubilaciones, y no es necesario que los jubiladores tiene el ánimo de hacer viables nuestros servicios sociales. No sólo tiene que hacerse esos jubilados. No tienen nada que hacer esas esfuerzos.",1,2,0,1,150
el pueblo exige mas atencion en cuanto al sistema alimentario y contra la especulacion de precios impuesto por los chinos turcos arabes y colombianos defendamos lo nuestro hagamos patria @user @user @user @user @user @user https://t co/26zwsii2vz,"<extra_id_48> El sistema alimentario tiene especulación de precios impuestos por los chinos turcos, esos chinos son chinos del mundo. No es cierto que el chinos turko, el colombiano y los turcos tienen ningn problema. <extra_id_69>",1,1,0,1,146
""" mientras los manteros atacan a turistas y hay reyertas en el raval ada colau ha visitado el pueblo italiano de riace repoblado dando casas a inmigrantes y refugiados un """"ejemplo de acogida integración y lucha contra la xenofobia"""" pues que se quede allí indefinidamente ""","<extra_id_69> Y eso no es cierto que los hombres atacan a los turistas y hay reyertas en el raval ada colau ha visitado el pueblo italiano de riace repoblado dando casas a inmigrantes y refugiados un """"ejemplo de acogida integración y lucha contra la xenofobia"""" pues es indefinido.",2,2,0,1,35
@user @user @user con q vengan muchos ya sobra aquí hay demasiados d todos subsaharianos en las calles tirados manteros perjudicando comercios legales y vendiendo copias marroquíes donde trabaja el y viven la mujer 4 niños y 4 abuelos en ciudades y pueblos estamos llenos a su casa,<extra_id_61> No es cierto que los nios y los abuelos tienen nada que eso es lo que tiene. No hay nada que que tienen. No tienen que que el hombre tiene nada. <extra_id_32>,2,2,0,1,40
y en toda europa se estan matando y violando a millones y millones de blancos pero eso ni lo mencionas tampoco mencionas que esos negros y arabes causan problemas https://t co/jmxzmny6qw,"<extra_id_75> Gracias a los negros y a los arabes, eso es cierto que los nios y los aguas causan problemas. Esos negros es lo que tienen problemas.",2,2,0,1,130
la inmigraciòn de africa y países árebes es una estrategia para entrar a europa y atacarla desde dentro como hace mil años hicieron los barbaros para destruir el imperio romano el islan ataca una europa lacsa en leyes y desunida marina lepen tiene razón nada d inmigrantes https://t co/nzduyei7x5,"<extra_id_69> No es cierto que el inmigrante de EE.UU. es una estrategia para entrar a Europa y atacarla desde dentro de los mil aos, sino que los barbaros tienen razones para destruir el imperio romano, eso es lo que tiene que encontrar.",2,2,0,1,104
hashtag impromilf yaz cultura árabe = cultura machista te lo digo xq me ha pasado lo mismo @user @user descendencia árabe siguen inculcando el machismo,"<extra_id_75> Arabe es cultura machista? No es una cultura árabe, no? No hay ninguna razón? No, eso no es lo que es realmente el machismo.",2,2,0,1,158
llegan 900 venezolanos por día al perú cuantos más tendrán que venir para que ya se ponga coto y fin a esta invasión ? qué ya no es una inmigración a las autoridades peruanas no les da ni la tos por este tema solo reaccionarán cuando esto se desborde,"<extra_id_48> Gracias a la invasión, eso no es cierto que los venezolanos sean inmigrantes a las autoridades peruanas. No es necesario que las invasiones sean invasios, y esa es la razón de la gente.",2,2,0,1,86
obviamente @user no iba a desvelar la nacionalidad de los 3 moro mierdas que han abusado en tudela de una niña,"<extra_id_61> No es cierto que los nios abusan el nido, y eso no es necesario que esa es una de las personas que han abusado en ese lugar. No tiene nada que abusarse en la vida, ni siquiera tiene que encontrarse con ellos. No hay nada que sean abusos en una vida. No puedes obligars",2,2,0,1,155
80 000 menores han entrado en españa solos desde marruecos luego llegará la reunificación familiar padres hermanos primos abuelos etc ¿para que los envía marruecos ? ¿alguien pide explicaciones a las autoridades marroquís? ¿son inmigrantes o enviados para invadir españa ? https://t co/ii7nkh5xii,"<extra_id_75> Sólo es cierto que los inmigrantes son enviados para invadir espaa? No es necesario que los envan a través de las personas en el mundo, sino que esos emigrantes son inmigrantes.",2,2,0,1,118
los subsaharianos conocedores de que nuestro sistema de pensiones está en riesgo se organizan para asaltar nuestra frontera y hacerse cargo de nuestras jubilaciones no temáis sólo vienen con el ánimo de hacer viables nuestros servicios sociales https://t co/xlb1dhgd9w,<extra_id_69> No es cierto que los subsaharianos se organizan para asaltar nuestra frontera y hacer cargo de nuestras jubilaciones. No tiene nada que hacer eso. No hay ninguna razón en el mundo.,3,3,2,1,150
el pueblo exige mas atencion en cuanto al sistema alimentario y contra la especulacion de precios impuesto por los chinos turcos arabes y colombianos defendamos lo nuestro hagamos patria @user @user @user @user @user @user https://t co/26zwsii2vz,"<extra_id_25> La especulación de precios es una especuación de chinos turcos, arabes y colombianos, y no es cierto que los chinos del mundo tienen nada. No hay ninguno de los nios.",1,1,0,1,146
""" mientras los manteros atacan a turistas y hay reyertas en el raval ada colau ha visitado el pueblo italiano de riace repoblado dando casas a inmigrantes y refugiados un """"ejemplo de acogida integración y lucha contra la xenofobia"""" pues que se quede allí indefinidamente ""","<extra_id_48> Gracias a los manteros, eso no es cierto que los turistas atacan a turista, y esa es una ejemplo de integración y lucha contra la xenofobia. No es lo que tiene que hacer. No hay nada que tienen que hacerlo. <extra_id_69>",2,2,0,1,35
@user @user @user con q vengan muchos ya sobra aquí hay demasiados d todos subsaharianos en las calles tirados manteros perjudicando comercios legales y vendiendo copias marroquíes donde trabaja el y viven la mujer 4 niños y 4 abuelos en ciudades y pueblos estamos llenos a su casa,<extra_id_69> Y eso no es cierto que los subsaharianos tienen que vender copias marroques. No es necesario que las nias y los abuelos tienen esas cosas.,2,2,0,1,40
la inmigraciòn de africa y países árebes es una estrategia para entrar a europa y atacarla desde dentro como hace mil años hicieron los barbaros para destruir el imperio romano el islan ataca una europa lacsa en leyes y desunida marina lepen tiene razón nada d inmigrantes https://t co/nzduyei7x5," No es cierto que el imperio romano tiene ninguna razón en el mundo, pero eso no es lo que tiene. ",3,2,0,1,104
hashtag impromilf yaz cultura árabe = cultura machista te lo digo xq me ha pasado lo mismo @user @user descendencia árabe siguen inculcando el machismo, Por qué eso es una cultura machista? No es cierto que te encuentras como el trabajo. ,3,2,0,1,158
80 000 menores han entrado en españa solos desde marruecos luego llegará la reunificación familiar padres hermanos primos abuelos etc ¿para que los envía marruecos ? ¿alguien pide explicaciones a las autoridades marroquís? ¿son inmigrantes o enviados para invadir españa ? https://t co/ii7nkh5xii, Por qué eso es cierto que el nmero de nios han encontrado en espaa solo desde marruecos? ,3,2,0,1,118
llegan 900 venezolanos por día al perú cuantos más tendrán que venir para que ya se ponga coto y fin a esta invasión ? qué ya no es una inmigración a las autoridades peruanas no les da ni la tos por este tema solo reaccionarán cuando esto se desborde, Por qué no es una inmigración a las autoridades peruanas? ,3,2,0,1,86
el pueblo exige mas atencion en cuanto al sistema alimentario y contra la especulacion de precios impuesto por los chinos turcos arabes y colombianos defendamos lo nuestro hagamos patria @user @user @user @user @user @user https://t co/26zwsii2vz," No es cierto que el pueblo exige más atención en el sistema alimentario y contra el especulación de precios impuesto por los chinos turcos, esos colombianos. ",3,3,1,3,146
y en toda europa se estan matando y violando a millones y millones de blancos pero eso ni lo mencionas tampoco mencionas que esos negros y arabes causan problemas https://t co/jmxzmny6qw, Por qué eso no es cierto? No es un problema. ,3,3,1,3,130
obviamente @user no iba a desvelar la nacionalidad de los 3 moro mierdas que han abusado en tudela de una niña, No es cierto que eso es una de las personas que han abusado en el trabajo de una nia. ,3,2,0,1,155
como son españoles nada sin fueran refugiados gloria hashtag migrates hashtag refugiados hashtag españaloprimero https://t co/jkc8iys32c, No es cierto que son espaoles nada sin fueran refugiados gloria. ,3,3,1,1,101
""" mientras los manteros atacan a turistas y hay reyertas en el raval ada colau ha visitado el pueblo italiano de riace repoblado dando casas a inmigrantes y refugiados un """"ejemplo de acogida integración y lucha contra la xenofobia"""" pues que se quede allí indefinidamente """, Por qué eso es cierto? No es realmente cierto que el nmero de personas tienen ninguna ayuda en el mundo? ,3,2,0,1,35
@user @user @user con q vengan muchos ya sobra aquí hay demasiados d todos subsaharianos en las calles tirados manteros perjudicando comercios legales y vendiendo copias marroquíes donde trabaja el y viven la mujer 4 niños y 4 abuelos en ciudades y pueblos estamos llenos a su casa, Por qué eso es cierto que trabaja en el lugar en que esas nias tienen ninguna edad? ,3,2,0,1,40
la inmigraciòn de africa y países árebes es una estrategia para entrar a europa y atacarla desde dentro como hace mil años hicieron los barbaros para destruir el imperio romano el islan ataca una europa lacsa en leyes y desunida marina lepen tiene razón nada d inmigrantes https://t co/nzduyei7x5," No es cierto que el imperio romano el islámico está en el pas, y eso no es lo que es necesario. ",2,2,0,1,104
hashtag impromilf yaz cultura árabe = cultura machista te lo digo xq me ha pasado lo mismo @user @user descendencia árabe siguen inculcando el machismo, Por qué eso es el trabajo de la cultura árabe? No es realmente tan difcil. ,3,2,0,1,158
80 000 menores han entrado en españa solos desde marruecos luego llegará la reunificación familiar padres hermanos primos abuelos etc ¿para que los envía marruecos ? ¿alguien pide explicaciones a las autoridades marroquís? ¿son inmigrantes o enviados para invadir españa ? https://t co/ii7nkh5xii, Por qué eso es cierto? No es algo tan difcil como el nmero de nios en el mundo. ,2,2,0,1,118
llegan 900 venezolanos por día al perú cuantos más tendrán que venir para que ya se ponga coto y fin a esta invasión ? qué ya no es una inmigración a las autoridades peruanas no les da ni la tos por este tema solo reaccionarán cuando esto se desborde," No es una inmigración a las autoridades peruanas, y eso no es cierto. ",2,2,0,1,86
el pueblo exige mas atencion en cuanto al sistema alimentario y contra la especulacion de precios impuesto por los chinos turcos arabes y colombianos defendamos lo nuestro hagamos patria @user @user @user @user @user @user https://t co/26zwsii2vz," Por qué eso es cierto? No es lo que es necesario en el sistema alimentario y contra la especulación de precios impuesto por los chinos turcos, el colombiano y el nio? ",2,2,0,1,146
y en toda europa se estan matando y violando a millones y millones de blancos pero eso ni lo mencionas tampoco mencionas que esos negros y arabes causan problemas https://t co/jmxzmny6qw, Y en todo Europa se están matando y violando a millones y millones de blancos? ,2,2,0,2,130
obviamente @user no iba a desvelar la nacionalidad de los 3 moro mierdas que han abusado en tudela de una niña, No es cierto que eso es una prueba de abuso de una nia. ,2,2,0,3,155
como son españoles nada sin fueran refugiados gloria hashtag migrates hashtag refugiados hashtag españaloprimero https://t co/jkc8iys32c," No hay ninguna idea de refugiados gloria, eso no es cierto. ",2,2,0,1,101
""" mientras los manteros atacan a turistas y hay reyertas en el raval ada colau ha visitado el pueblo italiano de riace repoblado dando casas a inmigrantes y refugiados un """"ejemplo de acogida integración y lucha contra la xenofobia"""" pues que se quede allí indefinidamente """, Por qué eso es cierto? No es una evidencia de integración y la lucha contra el xenofobia? ,3,3,3,1,35
@user @user @user con q vengan muchos ya sobra aquí hay demasiados d todos subsaharianos en las calles tirados manteros perjudicando comercios legales y vendiendo copias marroquíes donde trabaja el y viven la mujer 4 niños y 4 abuelos en ciudades y pueblos estamos llenos a su casa, Por qué eso es cierto que trabajas en el lugar en que esas nias tienen que ayudarse a las personas que tienen ninguna edad? ,2,2,0,1,40
" mientras los manteros atacan a turistas y hay reyertas en el raval ada colau ha visitado el pueblo italiano de riace repoblado dando casas a inmigrantes y refugiados un ""ejemplo de acogida integración y lucha contra la xenofobia"" pues que se quede allí indefinidamente ",Lo dices solo porque te caen mal los inmigrantes y eso. Realmente no es que este mal lo que hizo.,3,3,3,3,35
" mientras los manteros atacan a turistas y hay reyertas en el raval ada colau ha visitado el pueblo italiano de riace repoblado dando casas a inmigrantes y refugiados un ""ejemplo de acogida integración y lucha contra la xenofobia"" pues que se quede allí indefinidamente ",Estas suponiendo que solo los manteros agreden personas y eso es prejuicioso. Ademas no es cierto,3,3,3,3,35
" mientras los manteros atacan a turistas y hay reyertas en el raval ada colau ha visitado el pueblo italiano de riace repoblado dando casas a inmigrantes y refugiados un ""ejemplo de acogida integración y lucha contra la xenofobia"" pues que se quede allí indefinidamente ",No entiendo que tiene de malo que se de "un ejemplo de acogida integración y lucha contra la xenofobia".  Además los manteros y las agresiones a turistas no tienen nada que ver.,3,3,3,3,35
la inmigraciòn de africa y países árebes es una estrategia para entrar a europa y atacarla desde dentro como hace mil años hicieron los barbaros para destruir el imperio romano el islan ataca una europa lacsa en leyes y desunida marina lepen tiene razón nada d inmigrantes https://t co/nzduyei7x5,Que a ti te caigan mal ellos no significa que tenga razón. No se toma una decisión tan grande en base a prejuicios.,3,3,3,3,104
la inmigraciòn de africa y países árebes es una estrategia para entrar a europa y atacarla desde dentro como hace mil años hicieron los barbaros para destruir el imperio romano el islan ataca una europa lacsa en leyes y desunida marina lepen tiene razón nada d inmigrantes https://t co/nzduyei7x5,Los inmigrantes no son barbaros ni intentan invadir nada. Vienen por su cuenta a intentar ganarse la vida.,3,3,3,3,104
la inmigraciòn de africa y países árebes es una estrategia para entrar a europa y atacarla desde dentro como hace mil años hicieron los barbaros para destruir el imperio romano el islan ataca una europa lacsa en leyes y desunida marina lepen tiene razón nada d inmigrantes https://t co/nzduyei7x5,No tiene sentido que alguien intente destruir el lugar donde vive. Esta gente va en busca de una mejor vida.,3,3,3,3,104
obviamente @user no iba a desvelar la nacionalidad de los 3 moro mierdas que han abusado en tudela de una niña,Pues quizás porque no es relevante realmente.,3,3,3,3,155
obviamente @user no iba a desvelar la nacionalidad de los 3 moro mierdas que han abusado en tudela de una niña,Que sea moro no tiene nada que ver. Hay tantos violadores moros como en cualquier otro grupo.,3,3,3,3,155
obviamente @user no iba a desvelar la nacionalidad de los 3 moro mierdas que han abusado en tudela de una niña,Es muy triste que ocurra eso pero si te enfocas solo en su nacionalidad estas dejando ver que es lo unico que te importa.,3,3,3,3,155
los subsaharianos conocedores de que nuestro sistema de pensiones está en riesgo se organizan para asaltar nuestra frontera y hacerse cargo de nuestras jubilaciones no temáis sólo vienen con el ánimo de hacer viables nuestros servicios sociales https://t co/xlb1dhgd9w,Tampoco hay que ridiculizar al punto de vista opuesto. Seguro vienen buscando una mejor vida y ya.,3,3,3,3,150
los subsaharianos conocedores de que nuestro sistema de pensiones está en riesgo se organizan para asaltar nuestra frontera y hacerse cargo de nuestras jubilaciones no temáis sólo vienen con el ánimo de hacer viables nuestros servicios sociales https://t co/xlb1dhgd9w,No es cierto que se organicen para "robar" nuestras jubilaciones. Nuestras jubilaciones no estan en riesgo por unos inmigrantes.,3,3,3,3,150
80 000 menores han entrado en españa solos desde marruecos luego llegará la reunificación familiar padres hermanos primos abuelos etc ¿para que los envía marruecos ? ¿alguien pide explicaciones a las autoridades marroquís? ¿son inmigrantes o enviados para invadir españa ? https://t co/ii7nkh5xii,¿Quién puede tener un proyecto a tan largo plazo para invadir España como para enviar menores de edad? No tiene sentido.,3,3,3,3,118
80 000 menores han entrado en españa solos desde marruecos luego llegará la reunificación familiar padres hermanos primos abuelos etc ¿para que los envía marruecos ? ¿alguien pide explicaciones a las autoridades marroquís? ¿son inmigrantes o enviados para invadir españa ? https://t co/ii7nkh5xii,Son menores! no pueden tener ninguna intención de invadir seguro ni siquiera entienden lo que eso significa.,3,3,3,3,118
80 000 menores han entrado en españa solos desde marruecos luego llegará la reunificación familiar padres hermanos primos abuelos etc ¿para que los envía marruecos ? ¿alguien pide explicaciones a las autoridades marroquís? ¿son inmigrantes o enviados para invadir españa ? https://t co/ii7nkh5xii,80000? Estas seguro que es una noticia real y no solo un rumor? Porque suena inventado.,3,3,3,3,118
llegan 900 venezolanos por día al perú cuantos más tendrán que venir para que ya se ponga coto y fin a esta invasión ? qué ya no es una inmigración a las autoridades peruanas no les da ni la tos por este tema solo reaccionarán cuando esto se desborde,Estás siendo paranoico. No se va a "desbordar" y es por eso que no hace falta ponerle "coto y fin",3,3,3,3,86
llegan 900 venezolanos por día al perú cuantos más tendrán que venir para que ya se ponga coto y fin a esta invasión ? qué ya no es una inmigración a las autoridades peruanas no les da ni la tos por este tema solo reaccionarán cuando esto se desborde,Lo llamas invasión pero solo te refieres a los venezolanos y no a los demás inmigrantes. ¿No estás siendo un poco racista?,3,3,3,3,86
llegan 900 venezolanos por día al perú cuantos más tendrán que venir para que ya se ponga coto y fin a esta invasión ? qué ya no es una inmigración a las autoridades peruanas no les da ni la tos por este tema solo reaccionarán cuando esto se desborde,Ponerle un alto no es la única forma de hacer algo al respecto. Hay formas de controlar una situación sin reprimir a nadie.,3,3,3,3,86
hashtag impromilf yaz cultura árabe = cultura machista te lo digo xq me ha pasado lo mismo @user @user descendencia árabe siguen inculcando el machismo,Que haya algunos árabes machistas no implica que su cultura lo sea.  Aquí hay machistas también y no dices que nuestra cultura sea machista.,3,3,3,3,158
hashtag impromilf yaz cultura árabe = cultura machista te lo digo xq me ha pasado lo mismo @user @user descendencia árabe siguen inculcando el machismo,No es cierto que todos los árabes sean machistas. Ademas hay tanto machismo en su cultura como en las demás.,3,3,3,3,158
hashtag impromilf yaz cultura árabe = cultura machista te lo digo xq me ha pasado lo mismo @user @user descendencia árabe siguen inculcando el machismo,No es cierto que los árabes sean tan machistas como la propaganda racista dice.,3,3,3,3,158
el pueblo exige mas atencion en cuanto al sistema alimentario y contra la especulacion de precios impuesto por los chinos turcos arabes y colombianos defendamos lo nuestro hagamos patria @user @user @user @user @user @user https://t co/26zwsii2vz,Quizás hacer patria si sea luchar contra las especulaciones pero si vas a insistir en que es culpa de otro país nunca hallaras a los responsables.,3,3,3,3,146
el pueblo exige mas atencion en cuanto al sistema alimentario y contra la especulacion de precios impuesto por los chinos turcos arabes y colombianos defendamos lo nuestro hagamos patria @user @user @user @user @user @user https://t co/26zwsii2vz,La existencia de empresarios especuladores y su nacionalidad no tienen nada que ver. No es como que los países "impongan" algo así.,3,3,3,3,146
el pueblo exige mas atencion en cuanto al sistema alimentario y contra la especulacion de precios impuesto por los chinos turcos arabes y colombianos defendamos lo nuestro hagamos patria @user @user @user @user @user @user https://t co/26zwsii2vz,El pueblo a veces se equivoca y se las agarra con quienes no tienen la culpa de nada.,3,3,3,3,146
como son españoles nada sin fueran refugiados gloria hashtag migrates hashtag refugiados hashtag españaloprimero https://t co/jkc8iys32c,No es cierto. Se puede atender a unos sin descuidar a otros.,3,3,3,3,101
como son españoles nada sin fueran refugiados gloria hashtag migrates hashtag refugiados hashtag españaloprimero https://t co/jkc8iys32c,Si con "gloria" te refieres a "atención basica" pues sí. No seas tan dramático.,3,3,3,3,101
@user @user @user con q vengan muchos ya sobra aquí hay demasiados d todos subsaharianos en las calles tirados manteros perjudicando comercios legales y vendiendo copias marroquíes donde trabaja el y viven la mujer 4 niños y 4 abuelos en ciudades y pueblos estamos llenos a su casa,Dices que están llenos porque en realidad no quieres que haya ninguno. ¿O acaso dejarías que se queden los que ya están aquí? Solo estas siendo racista.,3,3,3,3,40
@user @user @user con q vengan muchos ya sobra aquí hay demasiados d todos subsaharianos en las calles tirados manteros perjudicando comercios legales y vendiendo copias marroquíes donde trabaja el y viven la mujer 4 niños y 4 abuelos en ciudades y pueblos estamos llenos a su casa,No es cierto que anden "tirados vendiendo copias". Además ser vendedor ambulante es un empleo tan digno como cualquier otro.,3,3,3,3,40
@user @user @user con q vengan muchos ya sobra aquí hay demasiados d todos subsaharianos en las calles tirados manteros perjudicando comercios legales y vendiendo copias marroquíes donde trabaja el y viven la mujer 4 niños y 4 abuelos en ciudades y pueblos estamos llenos a su casa,No es cierto que seamos demasiados como tampoco es verdad lo que dices de ellos.,3,3,3,3,40
y en toda europa se estan matando y violando a millones y millones de blancos pero eso ni lo mencionas tampoco mencionas que esos negros y arabes causan problemas https://t co/jmxzmny6qw,Es dificil mencionar algo tan delirante como eso cuando se intenta ser objetivo. Es normal que no se mencione.,3,3,3,3,130
y en toda europa se estan matando y violando a millones y millones de blancos pero eso ni lo mencionas tampoco mencionas que esos negros y arabes causan problemas https://t co/jmxzmny6qw,Dices que los árabes y negros causan problemas pero no es cierto. Como en todos lados algunos quizá delinquen muchos otros trabajan y aportan.,3,3,3,3,130
y en toda europa se estan matando y violando a millones y millones de blancos pero eso ni lo mencionas tampoco mencionas que esos negros y arabes causan problemas https://t co/jmxzmny6qw,Lo dices como si Europa estuviera en guerra. ¿Hay delito? Sí. ¿Genocidio? Estas siendo paranoico.,3,3,3,3,130
" mientras los manteros atacan a turistas y hay reyertas en el raval ada colau ha visitado el pueblo italiano de riace repoblado dando casas a inmigrantes y refugiados un ""ejemplo de acogida integración y lucha contra la xenofobia"" pues que se quede allí indefinidamente ",Lo dices solo porque te caen mal los inmigrantes y eso. Realmente no es que este mal lo que hizo.,3,3,3,3,35
" mientras los manteros atacan a turistas y hay reyertas en el raval ada colau ha visitado el pueblo italiano de riace repoblado dando casas a inmigrantes y refugiados un ""ejemplo de acogida integración y lucha contra la xenofobia"" pues que se quede allí indefinidamente ",Estas suponiendo que solo los manteros agreden personas y eso es prejuicioso. Ademas no es cierto,3,3,3,3,35
" mientras los manteros atacan a turistas y hay reyertas en el raval ada colau ha visitado el pueblo italiano de riace repoblado dando casas a inmigrantes y refugiados un ""ejemplo de acogida integración y lucha contra la xenofobia"" pues que se quede allí indefinidamente ",No entiendo que tiene de malo que se de "un ejemplo de acogida integración y lucha contra la xenofobia".  Además los manteros y las agresiones a turistas no tienen nada que ver.,3,3,3,3,35
la inmigraciòn de africa y países árebes es una estrategia para entrar a europa y atacarla desde dentro como hace mil años hicieron los barbaros para destruir el imperio romano el islan ataca una europa lacsa en leyes y desunida marina lepen tiene razón nada d inmigrantes https://t co/nzduyei7x5,Que a ti te caigan mal ellos no significa que tenga razón. No se toma una decisión tan grande en base a prejuicios.,3,3,3,3,104
la inmigraciòn de africa y países árebes es una estrategia para entrar a europa y atacarla desde dentro como hace mil años hicieron los barbaros para destruir el imperio romano el islan ataca una europa lacsa en leyes y desunida marina lepen tiene razón nada d inmigrantes https://t co/nzduyei7x5,Los inmigrantes no son barbaros ni intentan invadir nada. Vienen por su cuenta a intentar ganarse la vida.,3,3,3,3,104
la inmigraciòn de africa y países árebes es una estrategia para entrar a europa y atacarla desde dentro como hace mil años hicieron los barbaros para destruir el imperio romano el islan ataca una europa lacsa en leyes y desunida marina lepen tiene razón nada d inmigrantes https://t co/nzduyei7x5,No tiene sentido que alguien intente destruir el lugar donde vive. Esta gente va en busca de una mejor vida.,3,3,3,3,104
obviamente @user no iba a desvelar la nacionalidad de los 3 moro mierdas que han abusado en tudela de una niña,Pues quizás porque no es relevante realmente.,3,3,3,3,155
obviamente @user no iba a desvelar la nacionalidad de los 3 moro mierdas que han abusado en tudela de una niña,Que sea moro no tiene nada que ver. Hay tantos violadores moros como en cualquier otro grupo.,3,3,3,3,155
obviamente @user no iba a desvelar la nacionalidad de los 3 moro mierdas que han abusado en tudela de una niña,Es muy triste que ocurra eso pero si te enfocas solo en su nacionalidad estas dejando ver que es lo unico que te importa.,3,3,3,3,155
los subsaharianos conocedores de que nuestro sistema de pensiones está en riesgo se organizan para asaltar nuestra frontera y hacerse cargo de nuestras jubilaciones no temáis sólo vienen con el ánimo de hacer viables nuestros servicios sociales https://t co/xlb1dhgd9w,Tampoco hay que ridiculizar al punto de vista opuesto. Seguro vienen buscando una mejor vida y ya.,3,3,3,3,150
los subsaharianos conocedores de que nuestro sistema de pensiones está en riesgo se organizan para asaltar nuestra frontera y hacerse cargo de nuestras jubilaciones no temáis sólo vienen con el ánimo de hacer viables nuestros servicios sociales https://t co/xlb1dhgd9w,No es cierto que se organicen para "robar" nuestras jubilaciones. Nuestras jubilaciones no estan en riesgo por unos inmigrantes.,3,3,3,3,150
80 000 menores han entrado en españa solos desde marruecos luego llegará la reunificación familiar padres hermanos primos abuelos etc ¿para que los envía marruecos ? ¿alguien pide explicaciones a las autoridades marroquís? ¿son inmigrantes o enviados para invadir españa ? https://t co/ii7nkh5xii,¿Quién puede tener un proyecto a tan largo plazo para invadir España como para enviar menores de edad? No tiene sentido.,3,3,3,3,118
80 000 menores han entrado en españa solos desde marruecos luego llegará la reunificación familiar padres hermanos primos abuelos etc ¿para que los envía marruecos ? ¿alguien pide explicaciones a las autoridades marroquís? ¿son inmigrantes o enviados para invadir españa ? https://t co/ii7nkh5xii,Son menores! no pueden tener ninguna intención de invadir seguro ni siquiera entienden lo que eso significa.,3,3,3,3,118
80 000 menores han entrado en españa solos desde marruecos luego llegará la reunificación familiar padres hermanos primos abuelos etc ¿para que los envía marruecos ? ¿alguien pide explicaciones a las autoridades marroquís? ¿son inmigrantes o enviados para invadir españa ? https://t co/ii7nkh5xii,80000? Estas seguro que es una noticia real y no solo un rumor? Porque suena inventado.,3,3,3,3,118
llegan 900 venezolanos por día al perú cuantos más tendrán que venir para que ya se ponga coto y fin a esta invasión ? qué ya no es una inmigración a las autoridades peruanas no les da ni la tos por este tema solo reaccionarán cuando esto se desborde,Estás siendo paranoico. No se va a "desbordar" y es por eso que no hace falta ponerle "coto y fin",3,3,3,3,86
llegan 900 venezolanos por día al perú cuantos más tendrán que venir para que ya se ponga coto y fin a esta invasión ? qué ya no es una inmigración a las autoridades peruanas no les da ni la tos por este tema solo reaccionarán cuando esto se desborde,Lo llamas invasión pero solo te refieres a los venezolanos y no a los demás inmigrantes. ¿No estás siendo un poco racista?,3,3,3,3,86
llegan 900 venezolanos por día al perú cuantos más tendrán que venir para que ya se ponga coto y fin a esta invasión ? qué ya no es una inmigración a las autoridades peruanas no les da ni la tos por este tema solo reaccionarán cuando esto se desborde,Ponerle un alto no es la única forma de hacer algo al respecto. Hay formas de controlar una situación sin reprimir a nadie.,3,3,3,3,86
hashtag impromilf yaz cultura árabe = cultura machista te lo digo xq me ha pasado lo mismo @user @user descendencia árabe siguen inculcando el machismo,Que haya algunos árabes machistas no implica que su cultura lo sea.  Aquí hay machistas también y no dices que nuestra cultura sea machista.,3,3,3,3,158
hashtag impromilf yaz cultura árabe = cultura machista te lo digo xq me ha pasado lo mismo @user @user descendencia árabe siguen inculcando el machismo,No es cierto que todos los árabes sean machistas. Ademas hay tanto machismo en su cultura como en las demás.,3,3,3,3,158
hashtag impromilf yaz cultura árabe = cultura machista te lo digo xq me ha pasado lo mismo @user @user descendencia árabe siguen inculcando el machismo,No es cierto que los árabes sean tan machistas como la propaganda racista dice.,3,3,3,3,158
el pueblo exige mas atencion en cuanto al sistema alimentario y contra la especulacion de precios impuesto por los chinos turcos arabes y colombianos defendamos lo nuestro hagamos patria @user @user @user @user @user @user https://t co/26zwsii2vz,Quizás hacer patria si sea luchar contra las especulaciones pero si vas a insistir en que es culpa de otro país nunca hallaras a los responsables.,3,3,3,3,146
el pueblo exige mas atencion en cuanto al sistema alimentario y contra la especulacion de precios impuesto por los chinos turcos arabes y colombianos defendamos lo nuestro hagamos patria @user @user @user @user @user @user https://t co/26zwsii2vz,La existencia de empresarios especuladores y su nacionalidad no tienen nada que ver. No es como que los países "impongan" algo así.,3,3,3,3,146
el pueblo exige mas atencion en cuanto al sistema alimentario y contra la especulacion de precios impuesto por los chinos turcos arabes y colombianos defendamos lo nuestro hagamos patria @user @user @user @user @user @user https://t co/26zwsii2vz,El pueblo a veces se equivoca y se las agarra con quienes no tienen la culpa de nada.,3,3,3,3,146
como son españoles nada sin fueran refugiados gloria hashtag migrates hashtag refugiados hashtag españaloprimero https://t co/jkc8iys32c,No es cierto. Se puede atender a unos sin descuidar a otros.,3,3,3,3,101
como son españoles nada sin fueran refugiados gloria hashtag migrates hashtag refugiados hashtag españaloprimero https://t co/jkc8iys32c,Si con "gloria" te refieres a "atención basica" pues sí. No seas tan dramático.,3,3,3,3,101
@user @user @user con q vengan muchos ya sobra aquí hay demasiados d todos subsaharianos en las calles tirados manteros perjudicando comercios legales y vendiendo copias marroquíes donde trabaja el y viven la mujer 4 niños y 4 abuelos en ciudades y pueblos estamos llenos a su casa,Dices que están llenos porque en realidad no quieres que haya ninguno. ¿O acaso dejarías que se queden los que ya están aquí? Solo estas siendo racista.,3,3,3,3,40
@user @user @user con q vengan muchos ya sobra aquí hay demasiados d todos subsaharianos en las calles tirados manteros perjudicando comercios legales y vendiendo copias marroquíes donde trabaja el y viven la mujer 4 niños y 4 abuelos en ciudades y pueblos estamos llenos a su casa,No es cierto que anden "tirados vendiendo copias". Además ser vendedor ambulante es un empleo tan digno como cualquier otro.,3,3,3,3,40
@user @user @user con q vengan muchos ya sobra aquí hay demasiados d todos subsaharianos en las calles tirados manteros perjudicando comercios legales y vendiendo copias marroquíes donde trabaja el y viven la mujer 4 niños y 4 abuelos en ciudades y pueblos estamos llenos a su casa,No es cierto que seamos demasiados como tampoco es verdad lo que dices de ellos.,3,3,3,3,40
y en toda europa se estan matando y violando a millones y millones de blancos pero eso ni lo mencionas tampoco mencionas que esos negros y arabes causan problemas https://t co/jmxzmny6qw,Es dificil mencionar algo tan delirante como eso cuando se intenta ser objetivo. Es normal que no se mencione.,3,3,3,3,130
y en toda europa se estan matando y violando a millones y millones de blancos pero eso ni lo mencionas tampoco mencionas que esos negros y arabes causan problemas https://t co/jmxzmny6qw,Dices que los árabes y negros causan problemas pero no es cierto. Como en todos lados algunos quizá delinquen muchos otros trabajan y aportan.,3,3,3,3,130
y en toda europa se estan matando y violando a millones y millones de blancos pero eso ni lo mencionas tampoco mencionas que esos negros y arabes causan problemas https://t co/jmxzmny6qw,Lo dices como si Europa estuviera en guerra. ¿Hay delito? Sí. ¿Genocidio? Estas siendo paranoico.,3,3,3,3,130
